epoch,session,index,onset_time,accuracy,pre_trial_accuracy,response_time,condition_stimulus,condition_cue,stimulus_shape,stimulus_location,check_count,check_time,motivation,cost,rewarded_time,production,delivered_reward,passed_time,received_reward,u_check,u_dont_check
1,1,1,0.58,1.0,NaN,0.5440000000000002,incongruent,valid,CIRCLE,RIGHT,1,0.10899999999999999,1,0.05,3.089,DONT-CHECK,1,0.479,0.521,0.5208,0.20840001
1,1,2,1.894,1.0,post-correct,0.8760000000000001,incongruent,invalid,CIRCLE,RIGHT,1,0.30900000000000016,1,0.05,4.4,CHECK-PASS-M3,1,0.32,0.6799999999999999,0.58448,0.20840001
1,1,3,3.719,1.0,post-correct,0.5409999999999999,congruent,valid,SQUARE,RIGHT,1,0.11599999999999966,1,0.05,5.744,CHECK-PASS-M3,1,0.32,0.6799999999999999,0.622688,0.20840001
1,1,4,5.03,1.0,post-correct,0.5739999999999998,incongruent,valid,CIRCLE,RIGHT,1,0.14900000000000002,1,0.05,7.02,CHECK-PASS-M3,1,0.3,0.7,0.6536128,0.20840001
1,1,5,6.374,1.0,post-correct,0.5060000000000002,congruent,valid,CIRCLE,LEFT,1,0.10099999999999998,1,0.05,8.74,DONT-CHECK,0,0.476,-0.476,0.6536128,-0.079216
1,1,6,7.65,1.0,post-correct,0.7940000000000005,incongruent,valid,SQUARE,LEFT,1,0.26200000000000045,1,0.05,10.016,CHECK-PASS-M3,1,0.32,0.6799999999999999,0.6641677,-0.079216
1,1,7,9.37,1.0,post-correct,0.5060000000000002,incongruent,valid,CIRCLE,RIGHT,1,0.0810000000000013,1,0.05,11.472,CHECK-PASS-M3,1,0.3,0.7,0.6785006,-0.079216
1,1,8,10.646,1.0,post-correct,0.6859999999999999,congruent,valid,CIRCLE,LEFT,1,0.2809999999999988,1,0.05,12.799,CHECK-PASS-M3,1,0.3,0.7,0.68710035,-0.079216
1,1,9,12.102,1.0,post-correct,0.5570000000000004,congruent,valid,CIRCLE,LEFT,1,0.15199999999999925,1,0.05,14.687,DONT-CHECK,0,0.577,-0.577,0.68710035,-0.20699775
1,1,10,13.429,1.0,post-correct,0.8609999999999989,incongruent,invalid,SQUARE,LEFT,1,0.29499999999999993,1,0.05,15.956,CHECK-PASS-M3,1,0.3,0.7,0.6922602,-0.20699775
1,1,11,15.317,1.0,post-correct,0.49900000000000055,incongruent,valid,SQUARE,LEFT,1,0.09399999999999942,1,0.05,17.843,DONT-CHECK,0,0.555,-0.555,0.6922602,-0.2477192
1,1,12,16.586,1.0,post-correct,0.8820000000000014,incongruent,valid,CIRCLE,RIGHT,1,0.29299999999999926,1,0.05,19.145,CHECK-PASS-M3,1,0.3,0.7,0.69535613,-0.2477192
1,1,13,18.473,1.0,post-correct,0.532,congruent,valid,CIRCLE,LEFT,1,0.1269999999999989,1,0.05,20.522,CHECK-PASS-M3,1,0.3,0.7,0.69721365,-0.2477192
1,1,14,19.775,1.0,post-correct,0.6070000000000029,congruent,invalid,CIRCLE,LEFT,1,0.20199999999999818,1,0.05,21.797,CHECK-PASS-M3,1,0.3,0.7,0.6983282,-0.2477192
1,1,15,21.152,1.0,post-correct,0.504999999999999,congruent,valid,CIRCLE,LEFT,1,0.10000000000000142,1,0.05,23.578,DONT-CHECK,0,0.511,-0.511,0.6983282,-0.2518189
1,1,16,22.427,1.0,post-correct,0.8000000000000007,incongruent,valid,CIRCLE,RIGHT,1,0.30299999999999727,1,0.05,25.414,DONT-CHECK,0,0.55,-0.55,0.6983282,-0.26265478
1,1,17,24.208,1.0,post-correct,0.8360000000000021,incongruent,valid,SQUARE,LEFT,1,0.2970000000000006,1,0.05,26.693,CHECK-PASS-M3,1,0.32,0.6799999999999999,0.69099694,-0.26265478
1,1,18,26.044,1.0,post-correct,0.5090000000000003,congruent,valid,CIRCLE,LEFT,1,0.08399999999999963,1,0.05,27.98,CHECK-PASS-M3,1,0.32,0.6799999999999999,0.6865982,-0.26265478
1,1,19,27.323,1.0,post-correct,0.5169999999999995,incongruent,valid,SQUARE,LEFT,1,0.0920000000000023,1,0.05,29.267,CHECK-PASS-M3,1,0.3,0.7,0.6919589,-0.26265478
1,1,20,28.61,1.0,post-correct,0.5169999999999995,congruent,valid,SQUARE,RIGHT,1,0.11199999999999832,1,0.05,30.589,CHECK-PASS-M3,1,0.32,0.6799999999999999,0.68717533,-0.26265478
1,1,21,29.897,1.0,post-correct,0.5520000000000032,incongruent,valid,CIRCLE,RIGHT,1,0.1269999999999989,1,0.05,32.293,DONT-CHECK,0,0.506,-0.506,0.68717533,-0.25599572
1,1,22,31.219,1.0,post-correct,0.7479999999999976,congruent,invalid,SQUARE,RIGHT,1,0.240000000000002,1,0.05,33.606,CHECK-PASS-M3,1,0.32,0.6799999999999999,0.6843052,-0.25599572
1,1,23,32.923,1.0,post-correct,0.5429999999999993,congruent,valid,CIRCLE,LEFT,1,0.117999999999995,1,0.05,35.339,DONT-CHECK,0,0.494,-0.494,0.6843052,-0.25071844
1,1,24,34.236,1.0,post-correct,0.7890000000000015,congruent,valid,SQUARE,RIGHT,1,0.277000000000001,1,0.05,36.607,CHECK-PASS-M3,1,0.32,0.6799999999999999,0.6825831,-0.25071844
1,1,25,35.969,1.0,post-correct,0.49799999999999756,congruent,valid,CIRCLE,LEFT,1,0.0730000000000004,1,0.05,37.912,CHECK-PASS-M3,1,0.3,0.7,0.68954986,-0.25071844
1,1,26,37.237,1.0,post-correct,0.5349999999999966,incongruent,valid,CIRCLE,RIGHT,1,0.13000000000000256,1,0.05,39.247,CHECK-PASS-M3,1,0.32,0.6799999999999999,0.6857299,-0.25071844
1,1,27,38.542,1.0,post-correct,0.5649999999999977,incongruent,valid,SQUARE,LEFT,1,0.13999999999999346,1,0.05,40.54,CHECK-PASS-M3,1,0.3,0.7,0.69143796,-0.25071844
1,1,28,39.877,1.0,post-correct,0.5229999999999961,incongruent,valid,SQUARE,LEFT,1,0.1180000000000021,1,0.05,41.82,CHECK-PASS-M3,1,0.32,0.6799999999999999,0.68686277,-0.25071844
1,1,29,41.17,1.0,post-correct,0.509999999999998,incongruent,valid,CIRCLE,RIGHT,1,0.08499999999999375,1,0.05,43.57,DONT-CHECK,0,0.501,-0.501,0.68686277,-0.25049862
1,1,30,42.45,0.0,post-correct,0.7789999999999964,incongruent,valid,SQUARE,LEFT,1,0.26600000000000534,1,0.05,44.86,CHECK-PASS-M3,1,0.32,0.6799999999999999,0.6841177,-0.25049862
1,1,31,44.2,1.0,post-error,0.519999999999996,congruent,valid,SQUARE,RIGHT,1,0.09500000000000597,1,0.05,46.138,CHECK-PASS-M3,1,0.32,0.6799999999999999,0.6824706,-0.25049862
1,1,32,45.49,1.0,post-correct,0.5079999999999956,incongruent,valid,CIRCLE,RIGHT,1,0.08300000000000551,1,0.05,47.409,CHECK-PASS-M3,1,0.3,0.7,0.6894824,-0.25049862
1,1,33,46.768,1.0,post-correct,0.5009999999999977,incongruent,valid,CIRCLE,RIGHT,1,0.09599999999999653,1,0.05,49.187,DONT-CHECK,0,0.541,-0.541,0.6894824,-0.2600195
1,1,34,48.039,0.0,post-correct,0.7669999999999959,incongruent,invalid,SQUARE,LEFT,1,0.2819999999999965,1,0.05,51.018,DONT-CHECK,0,0.528,-0.528,0.6894824,-0.260327
1,1,35,49.817,1.0,post-error,0.8530000000000015,incongruent,valid,SQUARE,LEFT,1,0.2809999999999988,1,0.05,52.302,CHECK-PASS-M3,1,0.32,0.6799999999999999,0.68568945,-0.260327
1,1,36,51.648,1.0,post-correct,0.5139999999999958,congruent,valid,CIRCLE,LEFT,1,0.08899999999999864,1,0.05,53.596,CHECK-PASS-M3,1,0.32,0.6799999999999999,0.6834137,-0.260327
1,1,37,52.932,1.0,post-correct,0.5240000000000009,incongruent,valid,SQUARE,LEFT,1,0.09900000000000375,1,0.05,54.854,CHECK-PASS-M3,1,0.3,0.7,0.6900482,-0.260327
1,1,38,54.226,1.0,post-correct,0.48799999999999955,congruent,valid,SQUARE,RIGHT,1,0.08299999999999841,1,0.05,56.137,CHECK-PASS-M3,1,0.3,0.7,0.6940289,-0.260327
1,1,39,55.484,1.0,post-correct,0.5129999999999981,congruent,invalid,SQUARE,RIGHT,1,0.10799999999999699,1,0.05,57.443,CHECK-PASS-M3,1,0.32,0.6799999999999999,0.6884174,-0.260327
1,1,40,56.767,1.0,post-correct,0.5359999999999943,congruent,valid,CIRCLE,LEFT,1,0.1110000000000042,1,0.05,58.745,CHECK-PASS-M3,1,0.32,0.6799999999999999,0.6850504,-0.260327
1,1,41,58.073,1.0,post-correct,0.5319999999999965,congruent,valid,SQUARE,RIGHT,1,0.10699999999999932,1,0.05,59.997,CHECK-PASS-M3,1,0.3,0.7,0.69103026,-0.260327
1,1,42,59.375,1.0,post-correct,0.4819999999999993,incongruent,valid,SQUARE,LEFT,1,0.07699999999999818,1,0.05,61.25,CHECK-PASS-M3,1,0.3,0.7,0.69461817,-0.260327
1,1,43,60.627,1.0,post-correct,0.482999999999997,congruent,valid,SQUARE,RIGHT,1,0.07800000000000296,1,0.05,62.511,CHECK-PASS-M3,1,0.3,0.7,0.6967709,-0.260327
1,1,44,61.88,1.0,post-correct,0.49099999999999966,congruent,valid,SQUARE,RIGHT,1,0.08600000000000563,1,0.05,63.773,CHECK-PASS-M3,1,0.32,0.6799999999999999,0.6900625,-0.260327
1,1,45,63.141,1.0,post-correct,0.49200000000000443,incongruent,valid,CIRCLE,RIGHT,1,0.06700000000000017,1,0.05,65.036,CHECK-PASS-M3,1,0.3,0.7,0.6940375,-0.260327
1,1,46,64.403,1.0,post-correct,0.492999999999995,congruent,valid,CIRCLE,LEFT,1,0.08800000000000807,1,0.05,66.31,CHECK-PASS-M3,1,0.3,0.7,0.6964225,-0.260327
1,1,47,65.666,1.0,post-correct,0.5040000000000049,incongruent,valid,CIRCLE,RIGHT,1,0.09900000000000375,1,0.05,67.588,CHECK-PASS-M3,1,0.32,0.6799999999999999,0.6898535,-0.260327
1,1,48,66.94,1.0,post-correct,0.5079999999999956,congruent,valid,SQUARE,RIGHT,1,0.08299999999999841,1,0.05,68.962,CHECK-PASS-M3,1,0.32,0.6799999999999999,0.6859121,-0.260327
1,1,49,68.218,1.0,post-correct,0.6039999999999992,incongruent,invalid,CIRCLE,RIGHT,1,0.17899999999998784,1,0.05,70.223,CHECK-PASS-M3,1,0.3,0.7,0.6915472,-0.260327
1,1,50,69.592,1.0,post-correct,0.49099999999999966,congruent,valid,CIRCLE,LEFT,1,0.08599999999999852,1,0.05,71.504,CHECK-PASS-M3,1,0.32,0.6799999999999999,0.68692833,-0.260327
1,1,51,70.853,1.0,post-correct,0.5110000000000099,congruent,valid,SQUARE,RIGHT,1,0.08599999999999852,1,0.05,72.795,CHECK-PASS-M3,1,0.3,0.7,0.692157,-0.260327
1,1,52,72.134,1.0,post-correct,0.5210000000000008,congruent,valid,SQUARE,RIGHT,1,0.11599999999999966,1,0.05,74.571,DONT-CHECK,0,0.54,-0.54,0.692157,-0.26331773
1,1,53,73.425,1.0,post-correct,0.7860000000000014,congruent,invalid,CIRCLE,LEFT,1,0.2680000000000007,1,0.05,76.331,DONT-CHECK,0,0.514,-0.514,0.692157,-0.2581544
1,1,54,75.201,1.0,post-correct,0.7960000000000065,incongruent,valid,SQUARE,LEFT,1,0.257000000000005,1,0.05,78.059,DONT-CHECK,0,0.495,-0.495,0.692157,-0.25173557
1,1,55,76.961,1.0,post-correct,0.7630000000000052,incongruent,valid,SQUARE,LEFT,1,0.277000000000001,1,0.05,79.315,CHECK-PASS-M3,1,0.3,0.7,0.6952942,-0.25173557
1,1,56,78.689,1.0,post-correct,0.4860000000000042,congruent,valid,SQUARE,RIGHT,1,0.08100000000000307,1,0.05,80.591,CHECK-PASS-M3,1,0.3,0.7,0.6971765,-0.25173557
1,1,57,79.945,1.0,post-correct,0.5060000000000002,congruent,invalid,SQUARE,RIGHT,1,0.10099999999999909,1,0.05,81.955,CHECK-PASS-M3,1,0.3,0.7,0.6983059,-0.25173557
1,1,58,81.221,1.0,post-correct,0.5939999999999941,congruent,valid,SQUARE,RIGHT,1,0.18899999999999295,1,0.05,83.209,CHECK-PASS-M3,1,0.3,0.7,0.69898355,-0.25173557
1,1,59,82.585,1.0,post-correct,0.48400000000000887,congruent,valid,SQUARE,RIGHT,1,0.07900000000000773,1,0.05,84.956,DONT-CHECK,0,0.518,-0.518,0.69898355,-0.2549448
1,1,60,83.839,1.0,post-correct,0.7590000000000003,incongruent,valid,SQUARE,LEFT,1,0.2469999999999999,1,0.05,86.213,CHECK-PASS-M3,1,0.3,0.7,0.6993901,-0.2549448
1,1,61,85.586,1.0,post-correct,0.48699999999999477,incongruent,valid,SQUARE,LEFT,1,0.08199999999999363,1,0.05,88.041,DONT-CHECK,0,0.579,-0.579,0.6993901,-0.27074015
1,1,62,86.843,1.0,post-correct,0.7989999999999924,incongruent,valid,CIRCLE,RIGHT,1,0.26500000000000057,1,0.05,89.763,DONT-CHECK,0,0.511,-0.511,0.6993901,-0.26010644
1,1,63,88.671,1.0,post-correct,0.7609999999999957,congruent,valid,SQUARE,RIGHT,1,0.25500000000000966,1,0.05,91.035,CHECK-PASS-M3,1,0.3,0.7,0.6996341,-0.26010644
1,1,64,90.393,1.0,post-correct,0.5019999999999953,incongruent,valid,SQUARE,LEFT,1,0.0969999999999942,1,0.05,92.784,DONT-CHECK,0,0.535,-0.535,0.6996341,-0.26203832
1,1,65,91.665,1.0,post-correct,0.7439999999999998,incongruent,invalid,SQUARE,LEFT,1,0.24500000000000455,1,0.05,94.114,CHECK-PASS-M3,1,0.32,0.6799999999999999,0.69178045,-0.26203832
1,1,66,93.414,1.0,post-correct,0.5600000000000023,congruent,valid,CIRCLE,LEFT,1,0.1349999999999909,1,0.05,95.439,CHECK-PASS-M3,1,0.32,0.6799999999999999,0.6870683,-0.26203832
1,1,67,94.744,1.0,post-correct,0.5550000000000068,congruent,valid,SQUARE,RIGHT,1,0.12999999999999545,1,0.05,96.738,CHECK-PASS-M3,1,0.32,0.6799999999999999,0.684241,-0.26203832
1,1,68,96.069,1.0,post-correct,0.5289999999999964,congruent,valid,CIRCLE,LEFT,1,0.1039999999999992,1,0.05,98.456,DONT-CHECK,0,0.496,-0.496,0.684241,-0.2533738
1,1,69,97.368,0.0,post-correct,0.7720000000000056,congruent,invalid,CIRCLE,LEFT,1,0.2580000000000098,1,0.05,99.762,CHECK-PASS-M3,1,0.3,0.7,0.6905446,-0.2533738
1,1,70,99.086,1.0,post-error,0.5360000000000014,incongruent,valid,SQUARE,LEFT,1,0.13100000000000023,1,0.05,101.078,CHECK-PASS-M3,1,0.32,0.6799999999999999,0.68632674,-0.2533738
1,1,71,100.392,1.0,post-correct,0.5460000000000065,incongruent,valid,CIRCLE,RIGHT,1,0.12100000000000932,1,0.05,102.342,CHECK-PASS-M3,1,0.3,0.7,0.69179606,-0.2533738
1,1,72,101.708,1.0,post-correct,0.4939999999999998,incongruent,valid,CIRCLE,RIGHT,1,0.08899999999999864,1,0.05,103.62,CHECK-PASS-M3,1,0.3,0.7,0.69507766,-0.2533738
1,1,73,102.972,1.0,post-correct,0.5080000000000098,congruent,valid,CIRCLE,LEFT,1,0.10300000000000864,1,0.05,104.878,CHECK-PASS-M3,1,0.3,0.7,0.6970466,-0.2533738
1,1,74,104.25,1.0,post-correct,0.48799999999999955,incongruent,invalid,CIRCLE,RIGHT,1,0.08299999999999841,1,0.05,106.134,CHECK-PASS-M3,1,0.3,0.7,0.69822794,-0.2533738
1,1,75,105.508,1.0,post-correct,0.4860000000000042,incongruent,valid,CIRCLE,RIGHT,1,0.08100000000000307,1,0.05,107.41,CHECK-PASS-M3,1,0.3,0.7,0.69893676,-0.2533738
1,2,1,108.225,1.0,NaN,0.5130000000000052,incongruent,valid,CIRCLE,RIGHT,1,0.10800000000000409,1,0.05,110.119,CHECK-PASS-M3,1,0.3,0.7,0.6996172,-0.2533738
1,2,2,109.508,1.0,post-correct,0.47100000000000364,incongruent,invalid,CIRCLE,RIGHT,1,0.0660000000000025,1,0.05,111.42,CHECK-PASS-M3,1,0.32,0.6799999999999999,0.6917703,-0.2533738
1,2,3,110.749,1.0,post-correct,0.5310000000000059,congruent,valid,SQUARE,RIGHT,1,0.10600000000000875,1,0.05,112.732,CHECK-PASS-M3,1,0.32,0.6799999999999999,0.6870622,-0.2533738
1,2,4,112.05,1.0,post-correct,0.5420000000000016,incongruent,valid,CIRCLE,RIGHT,1,0.11700000000000443,1,0.05,114.003,CHECK-PASS-M3,1,0.3,0.7,0.6922373,-0.2533738
1,2,5,113.362,1.0,post-correct,0.5010000000000048,congruent,valid,CIRCLE,LEFT,1,0.09600000000000364,1,0.05,115.307,CHECK-PASS-M3,1,0.32,0.6799999999999999,0.6873424,-0.2533738
1,2,6,114.633,1.0,post-correct,0.534000000000006,incongruent,valid,SQUARE,LEFT,1,0.10900000000000887,1,0.05,116.605,CHECK-PASS-M3,1,0.32,0.6799999999999999,0.68440545,-0.2533738
1,2,7,115.937,1.0,post-correct,0.5280000000000058,incongruent,valid,CIRCLE,RIGHT,1,0.10299999999999443,1,0.05,117.863,CHECK-PASS-M3,1,0.3,0.7,0.69064325,-0.2533738
1,2,8,117.235,1.0,post-correct,0.48799999999999955,congruent,valid,CIRCLE,LEFT,1,0.08299999999999841,1,0.05,119.157,CHECK-PASS-M3,1,0.3,0.7,0.69438595,-0.2533738
1,2,9,118.493,1.0,post-correct,0.5240000000000009,congruent,valid,CIRCLE,LEFT,1,0.11899999999999977,1,0.05,120.454,CHECK-PASS-M3,1,0.32,0.6799999999999999,0.6886316,-0.2533738
1,2,10,119.787,1.0,post-correct,0.5269999999999868,incongruent,invalid,SQUARE,LEFT,1,0.10200000000000387,1,0.05,121.728,CHECK-PASS-M3,1,0.3,0.7,0.69317895,-0.2533738
1,2,11,121.084,1.0,post-correct,0.5039999999999907,incongruent,valid,SQUARE,LEFT,1,0.09899999999998954,1,0.05,123.544,DONT-CHECK,0,0.556,-0.556,0.69317895,-0.26465458
1,2,12,122.358,0.0,post-correct,0.789999999999992,incongruent,valid,CIRCLE,RIGHT,1,0.28300000000000125,1,0.05,125.292,DONT-CHECK,0,0.521,-0.521,0.69317895,-0.26031566
1,2,13,124.174,1.0,post-error,0.7769999999999868,congruent,valid,CIRCLE,LEFT,1,0.23799999999999955,1,0.05,127.064,DONT-CHECK,0,0.52,-0.52,0.69317895,-0.25851363
1,2,14,125.922,0.0,post-correct,0.8020000000000067,congruent,invalid,CIRCLE,LEFT,1,0.2819999999999965,1,0.05,128.383,CHECK-PASS-M3,1,0.32,0.6799999999999999,0.6879074,-0.25851363
1,2,15,127.694,1.0,post-error,0.5489999999999924,congruent,valid,CIRCLE,LEFT,1,0.12399999999999523,1,0.05,129.632,CHECK-PASS-M3,1,0.3,0.7,0.69274443,-0.25851363
1,2,16,129.013,1.0,post-correct,0.478999999999985,incongruent,valid,CIRCLE,RIGHT,1,0.07400000000001228,1,0.05,130.901,CHECK-PASS-M3,1,0.32,0.6799999999999999,0.6876467,-0.25851363
1,2,17,130.262,1.0,post-correct,0.4989999999999952,incongruent,valid,SQUARE,LEFT,1,0.07400000000001228,1,0.05,132.198,CHECK-PASS-M3,1,0.32,0.6799999999999999,0.684588,-0.25851363
1,2,18,131.531,1.0,post-correct,0.5269999999999868,congruent,valid,CIRCLE,LEFT,1,0.10200000000000387,1,0.05,133.925,DONT-CHECK,0,0.486,-0.486,0.684588,-0.2497049
1,2,19,132.828,0.0,post-correct,0.7709999999999866,incongruent,valid,SQUARE,LEFT,1,0.24800000000001887,1,0.05,135.736,DONT-CHECK,0,0.546,-0.546,0.684588,-0.26093376
1,2,20,134.555,1.0,post-error,0.8149999999999977,congruent,valid,SQUARE,RIGHT,1,0.2909999999999968,1,0.05,137.06,CHECK-PASS-M3,1,0.32,0.6799999999999999,0.6827528,-0.26093376
1,2,21,136.366,1.0,post-correct,0.5539999999999736,incongruent,valid,CIRCLE,RIGHT,1,0.12899999999999068,1,0.05,138.367,CHECK-PASS-M3,1,0.32,0.6799999999999999,0.68165165,-0.26093376
1,2,22,137.69,1.0,post-correct,0.5370000000000061,congruent,invalid,SQUARE,RIGHT,1,0.11199999999999477,1,0.05,139.652,CHECK-PASS-M3,1,0.32,0.6799999999999999,0.680991,-0.26093376
1,2,23,138.997,1.0,post-correct,0.5149999999999864,congruent,valid,CIRCLE,LEFT,1,0.09000000000000341,1,0.05,141.039,CHECK-PASS-M3,1,0.32,0.6799999999999999,0.6805946,-0.26093376
1,2,24,140.282,1.0,post-correct,0.6169999999999902,congruent,valid,SQUARE,RIGHT,1,0.19200000000000728,1,0.05,142.31,CHECK-PASS-M3,1,0.32,0.6799999999999999,0.6803568,-0.26093376
1,2,25,141.669,1.0,post-correct,0.5009999999999764,congruent,valid,CIRCLE,LEFT,1,0.0759999999999934,1,0.05,143.575,CHECK-PASS-M3,1,0.3,0.7,0.68821406,-0.26093376
1,2,26,142.94,1.0,post-correct,0.49500000000000455,incongruent,valid,CIRCLE,RIGHT,1,0.08999999999997499,1,0.05,144.857,CHECK-PASS-M3,1,0.32,0.6799999999999999,0.6849284,-0.26093376
1,2,27,144.205,1.0,post-correct,0.5120000000000005,incongruent,valid,SQUARE,LEFT,1,0.08699999999998909,1,0.05,146.12,CHECK-PASS-M3,1,0.3,0.7,0.69095707,-0.26093376
1,2,28,145.487,1.0,post-correct,0.492999999999995,incongruent,valid,SQUARE,LEFT,1,0.08799999999999386,1,0.05,147.413,CHECK-PASS-M3,1,0.32,0.6799999999999999,0.6865742,-0.26093376
1,2,29,146.75,1.0,post-correct,0.5229999999999961,incongruent,valid,CIRCLE,RIGHT,1,0.09800000000001319,1,0.05,149.202,DONT-CHECK,0,0.52,-0.52,0.6865742,-0.25873613
1,2,30,148.043,1.0,post-correct,0.8189999999999884,incongruent,valid,SQUARE,LEFT,1,0.29699999999999704,1,0.05,150.458,CHECK-PASS-M3,1,0.3,0.7,0.69194454,-0.25873613
1,2,31,149.832,1.0,post-correct,0.4860000000000184,congruent,valid,SQUARE,RIGHT,1,0.08099999999998886,1,0.05,152.141,DONT-CHECK,0,0.485,-0.485,0.69194454,-0.24954501
1,2,32,151.088,0.0,post-correct,0.7280000000000086,incongruent,valid,CIRCLE,RIGHT,1,0.23799999999999955,1,0.05,153.824,DONT-CHECK,0,0.494,-0.494,0.69194454,-0.24839619
1,2,33,152.771,1.0,post-error,0.7390000000000043,incongruent,valid,CIRCLE,RIGHT,1,0.23799999999999955,1,0.05,155.104,CHECK-PASS-M3,1,0.32,0.6799999999999999,0.68716675,-0.24839619
1,2,34,154.454,1.0,post-correct,0.5099999999999909,incongruent,invalid,SQUARE,LEFT,1,0.08500000000000796,1,0.05,156.793,DONT-CHECK,0,0.5,-0.5,0.68716675,-0.24942261
1,2,35,155.734,0.0,post-correct,0.7390000000000043,incongruent,valid,SQUARE,LEFT,1,0.21600000000000819,1,0.05,158.055,CHECK-PASS-M3,1,0.3,0.7,0.6923,-0.24942261
1,2,36,157.423,1.0,post-error,0.4919999999999902,congruent,valid,CIRCLE,LEFT,1,0.08700000000001751,1,0.05,159.38,CHECK-PASS-M3,1,0.32,0.6799999999999999,0.68738,-0.24942261
1,2,37,158.685,1.0,post-correct,0.5550000000000068,incongruent,valid,SQUARE,LEFT,1,0.13000000000002387,1,0.05,161.13,DONT-CHECK,0,0.504,-0.504,0.68738,-0.25075215
1,2,38,160.01,0.0,post-correct,0.7960000000000207,congruent,valid,SQUARE,RIGHT,1,0.2599999999999909,1,0.05,162.406,CHECK-PASS-M3,1,0.32,0.6799999999999999,0.68442804,-0.25075215
1,2,39,161.76,1.0,post-error,0.5060000000000002,congruent,invalid,SQUARE,RIGHT,1,0.08099999999998886,1,0.05,163.741,CHECK-PASS-M3,1,0.32,0.6799999999999999,0.6826568,-0.25075215
1,2,40,163.036,1.0,post-correct,0.5649999999999977,congruent,valid,CIRCLE,LEFT,1,0.14000000000001478,1,0.05,165.458,DONT-CHECK,0,0.519,-0.519,0.6826568,-0.25483078
1,2,41,164.371,1.0,post-correct,0.7479999999999905,congruent,valid,SQUARE,RIGHT,1,0.22900000000001342,1,0.05,166.719,CHECK-PASS-M3,1,0.3,0.7,0.6895941,-0.25483078
1,2,42,166.088,1.0,post-correct,0.49100000000001387,incongruent,valid,SQUARE,LEFT,1,0.08599999999998431,1,0.05,167.966,CHECK-PASS-M3,1,0.3,0.7,0.69375646,-0.25483078
1,2,43,167.349,1.0,post-correct,0.47700000000000387,congruent,valid,SQUARE,RIGHT,1,0.07200000000000273,1,0.05,169.654,DONT-CHECK,0,0.484,-0.484,0.69375646,-0.24789907
1,2,44,168.596,1.0,post-correct,0.7340000000000089,congruent,valid,SQUARE,RIGHT,1,0.24100000000001387,1,0.05,170.924,CHECK-PASS-M3,1,0.32,0.6799999999999999,0.6882539,-0.24789907
1,2,45,170.284,1.0,post-correct,0.5,incongruent,valid,CIRCLE,RIGHT,1,0.07499999999998863,1,0.05,172.187,CHECK-PASS-M3,1,0.3,0.7,0.69295233,-0.24789907
1,2,46,171.554,1.0,post-correct,0.492999999999995,congruent,valid,CIRCLE,LEFT,1,0.08800000000002228,1,0.05,173.436,CHECK-PASS-M3,1,0.3,0.7,0.6957714,-0.24789907
1,2,47,172.817,1.0,post-correct,0.478999999999985,incongruent,valid,CIRCLE,RIGHT,1,0.07400000000001228,1,0.05,174.713,CHECK-PASS-M3,1,0.32,0.6799999999999999,0.68946284,-0.24789907
1,2,48,174.066,1.0,post-correct,0.507000000000005,congruent,valid,SQUARE,RIGHT,1,0.08200000000002206,1,0.05,175.992,CHECK-PASS-M3,1,0.32,0.6799999999999999,0.6856777,-0.24789907
1,2,49,175.343,1.0,post-correct,0.5090000000000146,incongruent,invalid,CIRCLE,RIGHT,1,0.08400000000000318,1,0.05,177.242,CHECK-PASS-M3,1,0.3,0.7,0.6914066,-0.24789907
1,2,50,176.622,1.0,post-correct,0.47999999999998977,congruent,valid,CIRCLE,LEFT,1,0.07499999999998863,1,0.05,178.578,CHECK-PASS-M3,1,0.32,0.6799999999999999,0.686844,-0.24789907
1,2,51,177.872,1.0,post-correct,0.5659999999999741,congruent,valid,SQUARE,RIGHT,1,0.14099999999999113,1,0.05,180.292,DONT-CHECK,0,0.514,-0.514,0.686844,-0.25260365
1,2,52,179.208,1.0,post-correct,0.7299999999999898,congruent,valid,SQUARE,RIGHT,1,0.2540000000000191,1,0.05,182.043,DONT-CHECK,0,0.524,-0.524,0.686844,-0.2566973
1,2,53,180.922,1.0,post-correct,0.7770000000000152,congruent,invalid,CIRCLE,LEFT,1,0.25199999999998113,1,0.05,183.303,CHECK-PASS-M3,1,0.32,0.6799999999999999,0.6841064,-0.2566973
1,2,54,182.673,1.0,post-correct,0.4900000000000091,incongruent,valid,SQUARE,LEFT,1,0.06499999999999773,1,0.05,184.605,CHECK-PASS-M3,1,0.3,0.7,0.69046384,-0.2566973
1,2,55,183.933,1.0,post-correct,0.5320000000000107,incongruent,valid,SQUARE,LEFT,1,0.12699999999998113,1,0.05,186.34,DONT-CHECK,0,0.49,-0.49,0.69046384,-0.25001103
1,2,56,185.235,1.0,post-correct,0.7749999999999773,congruent,valid,SQUARE,RIGHT,1,0.24799999999999045,1,0.05,187.612,CHECK-PASS-M3,1,0.3,0.7,0.6942783,-0.25001103
1,2,57,186.97,1.0,post-correct,0.5020000000000095,congruent,invalid,SQUARE,RIGHT,1,0.09700000000000841,1,0.05,189.265,DONT-CHECK,0,0.494,-0.494,0.6942783,-0.24856395
1,2,58,188.242,1.0,post-correct,0.6890000000000214,congruent,valid,SQUARE,RIGHT,1,0.2189999999999941,1,0.05,190.528,CHECK-PASS-M3,1,0.3,0.7,0.696567,-0.24856395
1,2,59,189.895,1.0,post-correct,0.492999999999995,congruent,valid,SQUARE,RIGHT,1,0.08799999999999386,1,0.05,191.801,CHECK-PASS-M3,1,0.3,0.7,0.6979402,-0.24856395
1,2,60,191.158,1.0,post-correct,0.5030000000000143,incongruent,valid,SQUARE,LEFT,1,0.09799999999998477,1,0.05,193.046,CHECK-PASS-M3,1,0.3,0.7,0.6987641,-0.24856395
1,2,61,192.431,1.0,post-correct,0.4749999999999943,incongruent,valid,SQUARE,LEFT,1,0.06999999999999318,1,0.05,194.325,CHECK-PASS-M3,1,0.32,0.6799999999999999,0.69125843,-0.24856395
1,2,62,193.676,1.0,post-correct,0.5090000000000146,incongruent,valid,CIRCLE,RIGHT,1,0.08400000000000318,1,0.05,196.007,DONT-CHECK,0,0.48,-0.48,0.69125843,-0.24468301
1,2,63,194.955,1.0,post-correct,0.7519999999999811,congruent,valid,SQUARE,RIGHT,1,0.24799999999999045,1,0.05,197.278,CHECK-PASS-M3,1,0.3,0.7,0.6947551,-0.24468301
1,2,64,196.637,1.0,post-correct,0.5010000000000048,incongruent,valid,SQUARE,LEFT,1,0.09600000000000364,1,0.05,198.53,CHECK-PASS-M3,1,0.3,0.7,0.69685304,-0.24468301
1,2,65,197.908,1.0,post-correct,0.4819999999999993,incongruent,invalid,SQUARE,LEFT,1,0.07699999999999818,1,0.05,199.786,CHECK-PASS-M3,1,0.32,0.6799999999999999,0.6901118,-0.24468301
1,2,66,199.16,1.0,post-correct,0.48599999999999,congruent,valid,CIRCLE,LEFT,1,0.06099999999997863,1,0.05,201.048,CHECK-PASS-M3,1,0.32,0.6799999999999999,0.6860671,-0.24468301
1,2,67,200.416,1.0,post-correct,0.4919999999999902,congruent,valid,SQUARE,RIGHT,1,0.06699999999997885,1,0.05,202.743,DONT-CHECK,0,0.51,-0.51,0.6860671,-0.2504859
1,2,68,201.678,1.0,post-correct,0.7350000000000136,congruent,valid,CIRCLE,LEFT,1,0.22799999999998022,1,0.05,204.007,CHECK-PASS-M3,1,0.3,0.7,0.69164026,-0.2504859
1,2,69,203.373,1.0,post-correct,0.4939999999999998,congruent,invalid,CIRCLE,LEFT,1,0.08899999999999864,1,0.05,205.277,CHECK-PASS-M3,1,0.32,0.6799999999999999,0.6869842,-0.2504859
1,2,70,204.637,1.0,post-correct,0.5,incongruent,valid,SQUARE,LEFT,1,0.07500000000001705,1,0.05,206.536,CHECK-PASS-M3,1,0.32,0.6799999999999999,0.6841905,-0.2504859
1,2,71,205.907,1.0,post-correct,0.4889999999999759,incongruent,valid,CIRCLE,RIGHT,1,0.06399999999999295,1,0.05,207.778,CHECK-PASS-M3,1,0.3,0.7,0.6905143,-0.2504859
1,2,72,207.166,1.0,post-correct,0.4720000000000084,incongruent,valid,CIRCLE,RIGHT,1,0.06699999999997885,1,0.05,209.431,DONT-CHECK,0,0.479,-0.479,0.6905143,-0.24513492
1,2,73,208.408,1.0,post-correct,0.7040000000000077,congruent,valid,CIRCLE,LEFT,1,0.2189999999999941,1,0.05,211.164,DONT-CHECK,0,0.514,-0.514,0.6905143,-0.25160855
1,2,74,210.061,1.0,post-correct,0.7489999999999952,incongruent,invalid,CIRCLE,RIGHT,1,0.24200000000001864,1,0.05,212.472,CHECK-PASS-M3,1,0.3,0.7,0.6943086,-0.25160855
1,2,75,211.794,1.0,post-correct,0.5379999999999825,incongruent,valid,CIRCLE,RIGHT,1,0.13300000000000978,1,0.05,213.77,CHECK-PASS-M3,1,0.3,0.7,0.6965851,-0.25160855
1,3,1,214.585,1.0,NaN,0.7349999999999852,incongruent,valid,CIRCLE,RIGHT,1,0.26900000000000546,1,0.05,217.283,DONT-CHECK,0,0.477,-0.477,0.6965851,-0.24209645
1,3,2,216.26,1.0,post-correct,0.7060000000000173,incongruent,invalid,CIRCLE,RIGHT,1,0.23999999999998067,1,0.05,218.557,CHECK-PASS-M3,1,0.32,0.6799999999999999,0.68995106,-0.24209645
1,3,3,217.913,1.0,post-correct,0.5039999999999907,congruent,valid,SQUARE,RIGHT,1,0.07900000000000773,1,0.05,219.829,CHECK-PASS-M3,1,0.32,0.6799999999999999,0.68597066,-0.24209645
1,3,4,219.187,1.0,post-correct,0.5019999999999811,incongruent,valid,CIRCLE,RIGHT,1,0.07699999999999818,1,0.05,221.517,DONT-CHECK,0,0.502,-0.502,0.68597066,-0.24763471
1,3,5,220.459,1.0,post-correct,0.7160000000000082,congruent,valid,CIRCLE,LEFT,1,0.23799999999999955,1,0.05,222.792,CHECK-PASS-M3,1,0.32,0.6799999999999999,0.6835824,-0.24763471
1,3,6,222.147,1.0,post-correct,0.5049999999999955,incongruent,valid,SQUARE,LEFT,1,0.07999999999998408,1,0.05,224.528,DONT-CHECK,0,0.526,-0.526,0.6835824,-0.2553885
1,3,7,223.422,1.0,post-correct,0.7599999999999909,incongruent,valid,CIRCLE,RIGHT,1,0.2389999999999759,1,0.05,226.225,DONT-CHECK,0,0.484,-0.484,0.6835824,-0.24809986
1,3,8,225.158,0.0,post-correct,0.7630000000000052,congruent,valid,CIRCLE,LEFT,1,0.24600000000000932,1,0.05,227.917,DONT-CHECK,0,0.495,-0.495,0.6835824,-0.24811596
1,3,9,226.855,1.0,post-error,0.7470000000000141,congruent,valid,CIRCLE,LEFT,1,0.22999999999998977,1,0.05,229.212,CHECK-PASS-M3,1,0.32,0.6799999999999999,0.68214947,-0.24811596
1,3,10,228.547,1.0,post-correct,0.5250000000000057,incongruent,invalid,SQUARE,LEFT,1,0.09999999999999432,1,0.05,230.479,CHECK-PASS-M3,1,0.3,0.7,0.6892897,-0.24811596
1,3,11,229.842,1.0,post-correct,0.4969999999999857,incongruent,valid,SQUARE,LEFT,1,0.09200000000001296,1,0.05,231.755,CHECK-PASS-M3,1,0.32,0.6799999999999999,0.6855738,-0.24811596
1,3,12,231.109,1.0,post-correct,0.5060000000000002,incongruent,valid,CIRCLE,RIGHT,1,0.08100000000001728,1,0.05,233.001,CHECK-PASS-M3,1,0.3,0.7,0.69134426,-0.24811596
1,3,13,232.385,1.0,post-correct,0.4759999999999991,congruent,valid,CIRCLE,LEFT,1,0.07099999999999795,1,0.05,234.273,CHECK-PASS-M3,1,0.3,0.7,0.6948066,-0.24811596
1,3,14,233.631,1.0,post-correct,0.5020000000000095,congruent,invalid,CIRCLE,LEFT,1,0.09700000000000841,1,0.05,235.538,CHECK-PASS-M3,1,0.3,0.7,0.6968839,-0.24811596
1,3,15,234.903,1.0,post-correct,0.49500000000000455,congruent,valid,CIRCLE,LEFT,1,0.09000000000000341,1,0.05,237.255,DONT-CHECK,0,0.496,-0.496,0.6968839,-0.24836174
1,3,16,236.168,1.0,post-correct,0.7510000000000048,incongruent,valid,CIRCLE,RIGHT,1,0.26600000000001955,1,0.05,238.551,CHECK-PASS-M3,1,0.32,0.6799999999999999,0.69013035,-0.24836174
1,3,17,237.885,1.0,post-correct,0.5260000000000105,incongruent,valid,SQUARE,LEFT,1,0.10099999999999909,1,0.05,239.851,CHECK-PASS-M3,1,0.32,0.6799999999999999,0.6860782,-0.24836174
1,3,18,239.181,1.0,post-correct,0.5300000000000011,congruent,valid,CIRCLE,LEFT,1,0.10499999999998977,1,0.05,241.133,CHECK-PASS-M3,1,0.32,0.6799999999999999,0.6836469,-0.24836174
1,3,19,240.481,1.0,post-correct,0.5120000000000005,incongruent,valid,SQUARE,LEFT,1,0.08699999999998909,1,0.05,242.396,CHECK-PASS-M3,1,0.3,0.7,0.69018817,-0.24836174
1,3,20,241.763,1.0,post-correct,0.492999999999995,congruent,valid,SQUARE,RIGHT,1,0.08799999999999386,1,0.05,243.682,CHECK-PASS-M3,1,0.32,0.6799999999999999,0.6861129,-0.24836174
1,3,21,243.026,1.0,post-correct,0.5159999999999911,incongruent,valid,CIRCLE,RIGHT,1,0.09100000000000819,1,0.05,245.345,DONT-CHECK,0,0.5,-0.5,0.6861129,-0.24941023
1,3,22,244.312,1.0,post-correct,0.7129999999999939,congruent,invalid,SQUARE,RIGHT,1,0.21700000000001296,1,0.05,246.63,CHECK-PASS-M3,1,0.32,0.6799999999999999,0.6836677,-0.24941023
1,3,23,245.975,1.0,post-correct,0.5150000000000148,congruent,valid,CIRCLE,LEFT,1,0.09000000000000341,1,0.05,247.913,CHECK-PASS-M3,1,0.32,0.6799999999999999,0.6822006,-0.24941023
1,3,24,247.26,1.0,post-correct,0.5130000000000052,congruent,valid,SQUARE,RIGHT,1,0.08799999999999386,1,0.05,249.182,CHECK-PASS-M3,1,0.32,0.6799999999999999,0.68132037,-0.24941023
1,3,25,248.543,1.0,post-correct,0.4989999999999952,congruent,valid,CIRCLE,LEFT,1,0.07400000000001228,1,0.05,250.899,DONT-CHECK,0,0.494,-0.494,0.68132037,-0.24834767
1,3,26,249.812,1.0,post-correct,0.7529999999999859,incongruent,valid,CIRCLE,RIGHT,1,0.23799999999999955,1,0.05,252.163,CHECK-PASS-M3,1,0.32,0.6799999999999999,0.6807922,-0.24834767
1,3,27,251.529,1.0,post-correct,0.4939999999999998,incongruent,valid,SQUARE,LEFT,1,0.0689999999999884,1,0.05,253.447,CHECK-PASS-M3,1,0.3,0.7,0.6884753,-0.24834767
1,3,28,252.793,1.0,post-correct,0.5139999999999816,incongruent,valid,SQUARE,LEFT,1,0.10900000000000887,1,0.05,254.708,CHECK-PASS-M3,1,0.32,0.6799999999999999,0.6850852,-0.24834767
1,3,29,254.077,1.0,post-correct,0.49100000000001387,incongruent,valid,CIRCLE,RIGHT,1,0.06599999999997408,1,0.05,256.555,DONT-CHECK,0,0.574,-0.574,0.6850852,-0.26716515
1,3,30,255.338,1.0,post-correct,0.8230000000000075,incongruent,valid,SQUARE,LEFT,1,0.2920000000000016,1,0.05,258.239,DONT-CHECK,0,0.471,-0.471,0.6850852,-0.24921945
1,3,31,257.185,1.0,post-correct,0.742999999999995,congruent,valid,SQUARE,RIGHT,1,0.2419999999999618,1,0.05,259.536,CHECK-PASS-M3,1,0.32,0.6799999999999999,0.6830511,-0.24921945
1,3,32,258.869,1.0,post-correct,0.5269999999999868,incongruent,valid,CIRCLE,RIGHT,1,0.10200000000003229,1,0.05,260.784,CHECK-PASS-M3,1,0.3,0.7,0.68983066,-0.24921945
1,3,33,260.166,1.0,post-correct,0.47800000000000864,incongruent,valid,CIRCLE,RIGHT,1,0.07299999999997908,1,0.05,262.535,DONT-CHECK,0,0.577,-0.577,0.68983066,-0.26819903
1,3,34,261.414,1.0,post-correct,0.7239999999999895,incongruent,invalid,SQUARE,LEFT,1,0.22500000000002274,1,0.05,263.792,CHECK-PASS-M3,1,0.3,0.7,0.6938984,-0.26819903
1,3,35,263.165,1.0,post-correct,0.48699999999996635,incongruent,valid,SQUARE,LEFT,1,0.08199999999999363,1,0.05,265.053,CHECK-PASS-M3,1,0.32,0.6799999999999999,0.68833905,-0.26819903
1,3,36,264.422,1.0,post-correct,0.49099999999998545,congruent,valid,CIRCLE,LEFT,1,0.06600000000003092,1,0.05,266.327,CHECK-PASS-M3,1,0.32,0.6799999999999999,0.68500346,-0.26819903
1,3,37,265.683,1.0,post-correct,0.5040000000000191,incongruent,valid,SQUARE,LEFT,1,0.07900000000000773,1,0.05,267.965,DONT-CHECK,0,0.459,-0.459,0.68500346,-0.24671164
1,3,38,266.957,1.0,post-correct,0.7090000000000032,congruent,valid,SQUARE,RIGHT,1,0.22800000000000864,1,0.05,269.205,CHECK-PASS-M3,1,0.3,0.7,0.6910021,-0.24671164
1,3,39,268.595,1.0,post-correct,0.46999999999997044,congruent,invalid,SQUARE,RIGHT,1,0.06499999999999773,1,0.05,270.455,CHECK-PASS-M3,1,0.32,0.6799999999999999,0.6866012,-0.24671164
1,3,40,269.835,1.0,post-correct,0.4800000000000182,congruent,valid,CIRCLE,LEFT,1,0.05500000000000682,1,0.05,271.734,CHECK-PASS-M3,1,0.32,0.6799999999999999,0.68396074,-0.24671164
1,3,41,271.085,1.0,post-correct,0.5090000000000146,congruent,valid,SQUARE,RIGHT,1,0.08400000000000318,1,0.05,272.98,CHECK-PASS-M3,1,0.3,0.7,0.69037646,-0.24671164
1,3,42,272.364,1.0,post-correct,0.4759999999999991,incongruent,valid,SQUARE,LEFT,1,0.07100000000002638,1,0.05,274.236,CHECK-PASS-M3,1,0.3,0.7,0.69422585,-0.24671164
1,3,43,273.61,1.0,post-correct,0.48599999999999,congruent,valid,SQUARE,RIGHT,1,0.08100000000001728,1,0.05,275.478,CHECK-PASS-M3,1,0.3,0.7,0.6965355,-0.24671164
1,3,44,274.866,1.0,post-correct,0.47200000000003683,congruent,valid,SQUARE,RIGHT,1,0.06700000000000728,1,0.05,276.751,CHECK-PASS-M3,1,0.32,0.6799999999999999,0.6899213,-0.24671164
1,3,45,276.108,1.0,post-correct,0.5029999999999859,incongruent,valid,CIRCLE,RIGHT,1,0.07799999999997453,1,0.05,278.442,DONT-CHECK,0,0.473,-0.473,0.6899213,-0.24233618
1,3,46,277.381,1.0,post-correct,0.7480000000000473,congruent,valid,CIRCLE,LEFT,1,0.21300000000002228,1,0.05,279.691,CHECK-PASS-M3,1,0.3,0.7,0.6939528,-0.24233618
1,3,47,279.072,1.0,post-correct,0.478999999999985,incongruent,valid,CIRCLE,RIGHT,1,0.07399999999995543,1,0.05,280.958,CHECK-PASS-M3,1,0.32,0.6799999999999999,0.68837166,-0.24233618
1,3,48,280.321,1.0,post-correct,0.49699999999995725,congruent,valid,SQUARE,RIGHT,1,0.07200000000000273,1,0.05,282.246,CHECK-PASS-M3,1,0.32,0.6799999999999999,0.685023,-0.24233618
1,3,49,281.588,1.0,post-correct,0.5179999999999723,incongruent,invalid,CIRCLE,RIGHT,1,0.09300000000001774,1,0.05,283.486,CHECK-PASS-M3,1,0.3,0.7,0.6910138,-0.24233618
1,3,50,282.876,1.0,post-correct,0.4700000000000273,congruent,valid,CIRCLE,LEFT,1,0.06499999999999773,1,0.05,284.757,CHECK-PASS-M3,1,0.32,0.6799999999999999,0.6866083,-0.24233618
1,3,51,284.116,1.0,post-correct,0.5010000000000332,congruent,valid,SQUARE,RIGHT,1,0.07600000000002183,1,0.05,285.999,CHECK-PASS-M3,1,0.3,0.7,0.691965,-0.24233618
1,3,52,285.387,1.0,post-correct,0.47199999999998,congruent,valid,SQUARE,RIGHT,1,0.06700000000000728,1,0.05,287.264,CHECK-PASS-M3,1,0.32,0.6799999999999999,0.68717897,-0.24233618
1,3,53,286.629,1.0,post-correct,0.49500000000000455,congruent,invalid,CIRCLE,LEFT,1,0.07000000000005002,1,0.05,288.534,CHECK-PASS-M3,1,0.32,0.6799999999999999,0.6843074,-0.24233618
1,3,54,287.894,1.0,post-correct,0.5,incongruent,valid,SQUARE,LEFT,1,0.07499999999998863,1,0.05,289.797,CHECK-PASS-M3,1,0.3,0.7,0.6905844,-0.24233618
1,3,55,289.164,1.0,post-correct,0.492999999999995,incongruent,valid,SQUARE,LEFT,1,0.08800000000002228,1,0.05,291.075,CHECK-PASS-M3,1,0.3,0.7,0.69435066,-0.24233618
1,3,56,290.427,1.0,post-correct,0.5079999999999814,congruent,valid,SQUARE,RIGHT,1,0.10300000000000864,1,0.05,292.315,CHECK-PASS-M3,1,0.3,0.7,0.6966104,-0.24233618
1,3,57,291.705,1.0,post-correct,0.4700000000000273,congruent,invalid,SQUARE,RIGHT,1,0.06499999999999773,1,0.05,293.562,CHECK-PASS-M3,1,0.3,0.7,0.6979662,-0.24233618
1,3,58,292.945,1.0,post-correct,0.4770000000000323,congruent,valid,SQUARE,RIGHT,1,0.07200000000000273,1,0.05,295.202,DONT-CHECK,0,0.477,-0.477,0.6979662,-0.24172103
1,3,59,294.192,1.0,post-correct,0.6929999999999836,congruent,valid,SQUARE,RIGHT,1,0.2249999999999659,1,0.05,296.443,CHECK-PASS-M3,1,0.3,0.7,0.6987797,-0.24172103
1,3,60,295.832,1.0,post-correct,0.47100000000000364,incongruent,valid,SQUARE,LEFT,1,0.06599999999997408,1,0.05,297.711,CHECK-PASS-M3,1,0.3,0.7,0.6992678,-0.24172103
1,3,61,297.073,1.0,post-correct,0.4980000000000473,incongruent,valid,SQUARE,LEFT,1,0.09300000000001774,1,0.05,298.983,CHECK-PASS-M3,1,0.32,0.6799999999999999,0.6915607,-0.24172103
1,3,62,298.341,1.0,post-correct,0.5020000000000095,incongruent,valid,CIRCLE,RIGHT,1,0.07699999999999818,1,0.05,300.255,CHECK-PASS-M3,1,0.32,0.6799999999999999,0.68693644,-0.24172103
1,3,63,299.613,1.0,post-correct,0.5020000000000095,congruent,valid,SQUARE,RIGHT,1,0.07699999999999818,1,0.05,301.518,CHECK-PASS-M3,1,0.3,0.7,0.69216186,-0.24172103
1,3,64,300.885,1.0,post-correct,0.492999999999995,incongruent,valid,SQUARE,LEFT,1,0.08799999999996544,1,0.05,303.218,DONT-CHECK,0,0.525,-0.525,0.69216186,-0.25301957
1,3,65,302.148,1.0,post-correct,0.7049999999999841,incongruent,invalid,SQUARE,LEFT,1,0.22900000000004184,1,0.05,304.489,CHECK-PASS-M3,1,0.32,0.6799999999999999,0.6872971,-0.25301957
1,3,66,303.848,1.0,post-correct,0.5009999999999764,congruent,valid,CIRCLE,LEFT,1,0.07600000000002183,1,0.05,305.76,CHECK-PASS-M3,1,0.32,0.6799999999999999,0.68437827,-0.25301957
1,3,67,305.119,1.0,post-correct,0.5009999999999764,congruent,valid,SQUARE,RIGHT,1,0.07600000000002183,1,0.05,307.044,CHECK-PASS-M3,1,0.32,0.6799999999999999,0.68262696,-0.25301957
1,3,68,306.39,1.0,post-correct,0.51400000000001,congruent,valid,CIRCLE,LEFT,1,0.08899999999999864,1,0.05,308.296,CHECK-PASS-M3,1,0.3,0.7,0.68957615,-0.25301957
1,3,69,307.674,1.0,post-correct,0.48200000000002774,congruent,invalid,CIRCLE,LEFT,1,0.07699999999999818,1,0.05,309.931,DONT-CHECK,0,0.477,-0.477,0.68957615,-0.24556702
1,3,70,308.926,0.0,post-correct,0.6879999999999882,incongruent,valid,SQUARE,LEFT,1,0.20699999999999363,1,0.05,311.608,DONT-CHECK,0,0.498,-0.498,0.68957615,-0.24792412
1,3,71,310.561,1.0,post-error,0.7090000000000032,incongruent,valid,CIRCLE,RIGHT,1,0.2270000000000323,1,0.05,312.84,CHECK-PASS-M3,1,0.3,0.7,0.6937457,-0.24792412
1,3,72,312.238,1.0,post-correct,0.4619999999999891,incongruent,valid,CIRCLE,RIGHT,1,0.05699999999995953,1,0.05,314.075,CHECK-PASS-M3,1,0.3,0.7,0.6962474,-0.24792412
1,3,73,313.47,1.0,post-correct,0.464999999999975,congruent,valid,CIRCLE,LEFT,1,0.060000000000002274,1,0.05,315.306,CHECK-PASS-M3,1,0.3,0.7,0.6977484,-0.24792412
1,3,74,314.705,1.0,post-correct,0.46100000000001273,incongruent,invalid,CIRCLE,RIGHT,1,0.055999999999983174,1,0.05,316.541,CHECK-PASS-M3,1,0.3,0.7,0.69864905,-0.24792412
1,3,75,315.936,1.0,post-correct,0.46500000000003183,incongruent,valid,CIRCLE,RIGHT,1,0.060000000000002274,1,0.05,317.789,CHECK-PASS-M3,1,0.3,0.7,0.6991894,-0.24792412
1,4,1,318.604,1.0,NaN,0.4800000000000182,incongruent,valid,CIRCLE,RIGHT,1,0.07499999999998863,1,0.05,320.474,CHECK-PASS-M3,1,0.3,0.7,0.6997082,-0.24792412
1,4,2,319.854,1.0,post-correct,0.4800000000000182,incongruent,invalid,CIRCLE,RIGHT,1,0.07499999999998863,1,0.05,322.143,DONT-CHECK,0,0.505,-0.505,0.6997082,-0.25045267
1,4,3,321.104,1.0,post-correct,0.7139999999999986,congruent,valid,SQUARE,RIGHT,1,0.22699999999997544,1,0.05,323.408,CHECK-PASS-M3,1,0.32,0.6799999999999999,0.6918249,-0.25045267
1,4,4,322.773,1.0,post-correct,0.4949999999999477,incongruent,valid,CIRCLE,RIGHT,1,0.06999999999999318,1,0.05,324.653,CHECK-PASS-M3,1,0.3,0.7,0.69509494,-0.25045267
1,4,5,324.038,1.0,post-correct,0.4749999999999659,congruent,valid,CIRCLE,LEFT,1,0.06999999999999318,1,0.05,325.914,CHECK-PASS-M3,1,0.32,0.6799999999999999,0.689057,-0.25045267
1,4,6,325.283,1.0,post-correct,0.49099999999998545,incongruent,valid,SQUARE,LEFT,1,0.06600000000003092,1,0.05,327.181,CHECK-PASS-M3,1,0.32,0.6799999999999999,0.6854342,-0.25045267
1,4,7,326.544,1.0,post-correct,0.4970000000000141,incongruent,valid,CIRCLE,RIGHT,1,0.07200000000000273,1,0.05,328.44,CHECK-PASS-M3,1,0.3,0.7,0.6912605,-0.25045267
1,4,8,327.811,1.0,post-correct,0.48900000000003274,congruent,valid,CIRCLE,LEFT,1,0.08400000000000318,1,0.05,329.688,CHECK-PASS-M3,1,0.3,0.7,0.6947563,-0.25045267
1,4,9,329.07,1.0,post-correct,0.47800000000000864,congruent,valid,CIRCLE,LEFT,1,0.07299999999997908,1,0.05,330.996,CHECK-PASS-M3,1,0.32,0.6799999999999999,0.6888538,-0.25045267
1,4,10,330.318,1.0,post-correct,0.5380000000000109,incongruent,invalid,SQUARE,LEFT,1,0.11299999999999955,1,0.05,332.245,CHECK-PASS-M3,1,0.3,0.7,0.6933123,-0.25045267
1,4,11,331.626,1.0,post-correct,0.47900000000004184,incongruent,valid,SQUARE,LEFT,1,0.07400000000001228,1,0.05,333.5,CHECK-PASS-M3,1,0.32,0.6799999999999999,0.6879874,-0.25045267
1,4,12,332.875,1.0,post-correct,0.48500000000001364,incongruent,valid,CIRCLE,RIGHT,1,0.060000000000002274,1,0.05,334.751,CHECK-PASS-M3,1,0.3,0.7,0.6927924,-0.25045267
1,4,13,334.13,1.0,post-correct,0.48099999999999454,congruent,valid,CIRCLE,LEFT,1,0.07599999999996498,1,0.05,335.997,CHECK-PASS-M3,1,0.3,0.7,0.69567543,-0.25045267
1,4,14,335.381,1.0,post-correct,0.47600000000005593,congruent,invalid,CIRCLE,LEFT,1,0.07100000000002638,1,0.05,337.242,CHECK-PASS-M3,1,0.3,0.7,0.6974053,-0.25045267
1,4,15,336.627,1.0,post-correct,0.4749999999999659,congruent,valid,CIRCLE,LEFT,1,0.06999999999999318,1,0.05,338.492,CHECK-PASS-M3,1,0.3,0.7,0.6984432,-0.25045267
1,4,16,337.872,1.0,post-correct,0.47999999999996135,incongruent,valid,CIRCLE,RIGHT,1,0.07500000000004547,1,0.05,340.139,DONT-CHECK,0,0.484,-0.484,0.6984432,-0.24632296
1,4,17,339.122,1.0,post-correct,0.7129999999999654,incongruent,valid,SQUARE,LEFT,1,0.22100000000000364,1,0.05,341.394,CHECK-PASS-M3,1,0.32,0.6799999999999999,0.6910659,-0.24632296
1,4,18,340.769,1.0,post-correct,0.48500000000001364,congruent,valid,CIRCLE,LEFT,1,0.060000000000002274,1,0.05,342.653,CHECK-PASS-M3,1,0.32,0.6799999999999999,0.68663955,-0.24632296
1,4,19,342.024,1.0,post-correct,0.4889999999999759,incongruent,valid,SQUARE,LEFT,1,0.06399999999996453,1,0.05,344.308,DONT-CHECK,0,0.491,-0.491,0.68663955,-0.24651626
1,4,20,343.283,0.0,post-correct,0.7139999999999986,congruent,valid,SQUARE,RIGHT,1,0.21399999999999864,1,0.05,345.548,CHECK-PASS-M3,1,0.3,0.7,0.6919837,-0.24651626
1,4,21,344.938,1.0,post-error,0.4700000000000273,incongruent,valid,CIRCLE,RIGHT,1,0.06499999999999773,1,0.05,346.798,CHECK-PASS-M3,1,0.32,0.6799999999999999,0.68719023,-0.24651626
1,4,22,346.178,1.0,post-correct,0.4800000000000182,congruent,invalid,SQUARE,RIGHT,1,0.05500000000000682,1,0.05,348.063,CHECK-PASS-M3,1,0.32,0.6799999999999999,0.68431413,-0.24651626
1,4,23,347.428,1.0,post-correct,0.49500000000000455,congruent,valid,CIRCLE,LEFT,1,0.06999999999999318,1,0.05,349.329,CHECK-PASS-M3,1,0.32,0.6799999999999999,0.68258846,-0.24651626
1,4,24,348.693,1.0,post-correct,0.49600000000003774,congruent,valid,SQUARE,RIGHT,1,0.07100000000002638,1,0.05,350.607,CHECK-PASS-M3,1,0.32,0.6799999999999999,0.68155307,-0.24651626
1,4,25,349.959,1.0,post-correct,0.5079999999999814,congruent,valid,CIRCLE,LEFT,1,0.08299999999996999,1,0.05,351.851,CHECK-PASS-M3,1,0.3,0.7,0.6889318,-0.24651626
1,4,26,351.237,1.0,post-correct,0.47399999999998954,incongruent,valid,CIRCLE,RIGHT,1,0.06900000000001683,1,0.05,353.136,CHECK-PASS-M3,1,0.32,0.6799999999999999,0.6853591,-0.24651626
1,4,27,352.481,1.0,post-correct,0.5149999999999864,incongruent,valid,SQUARE,LEFT,1,0.08999999999997499,1,0.05,354.409,CHECK-PASS-M3,1,0.3,0.7,0.69121546,-0.24651626
1,4,28,353.766,1.0,post-correct,0.5029999999999859,incongruent,valid,SQUARE,LEFT,1,0.09800000000001319,1,0.05,355.669,CHECK-PASS-M3,1,0.32,0.6799999999999999,0.68672925,-0.24651626
1,4,29,355.039,1.0,post-correct,0.4900000000000091,incongruent,valid,CIRCLE,RIGHT,1,0.06499999999999773,1,0.05,356.945,CHECK-PASS-M3,1,0.32,0.6799999999999999,0.68403757,-0.24651626
1,4,30,356.299,1.0,post-correct,0.5060000000000286,incongruent,valid,SQUARE,LEFT,1,0.08100000000001728,1,0.05,358.607,DONT-CHECK,0,0.485,-0.485,0.68403757,-0.24514586
1,4,31,357.575,0.0,post-correct,0.7270000000000323,congruent,valid,SQUARE,RIGHT,1,0.22699999999997544,1,0.05,360.269,DONT-CHECK,0,0.475,-0.475,0.68403757,-0.2422525
1,4,32,359.237,1.0,post-error,0.7169999999999845,incongruent,valid,CIRCLE,RIGHT,1,0.22200000000003683,1,0.05,361.912,DONT-CHECK,0,0.475,-0.475,0.68403757,-0.2412109
1,4,33,360.899,1.0,post-correct,0.6979999999999791,incongruent,valid,CIRCLE,RIGHT,1,0.22699999999997544,1,0.05,363.596,DONT-CHECK,0,0.507,-0.507,0.68403757,-0.24851593
1,4,34,362.542,1.0,post-correct,0.7270000000000323,incongruent,invalid,SQUARE,LEFT,1,0.24200000000001864,1,0.05,364.832,CHECK-PASS-M3,1,0.3,0.7,0.69042253,-0.24851593
1,4,35,364.226,1.0,post-correct,0.4660000000000082,incongruent,valid,SQUARE,LEFT,1,0.06099999999997863,1,0.05,366.51,DONT-CHECK,0,0.502,-0.502,0.69042253,-0.24994573
1,4,36,365.462,1.0,post-correct,0.7259999999999991,congruent,valid,CIRCLE,LEFT,1,0.22399999999998954,1,0.05,368.173,DONT-CHECK,0,0.484,-0.484,0.69042253,-0.24614045
1,4,37,367.14,0.0,post-correct,0.7090000000000032,incongruent,valid,SQUARE,LEFT,1,0.23099999999999454,1,0.05,369.433,CHECK-PASS-M3,1,0.32,0.6799999999999999,0.68625355,-0.24614045
1,4,38,368.803,1.0,post-error,0.4900000000000091,congruent,valid,SQUARE,RIGHT,1,0.06499999999999773,1,0.05,371.143,DONT-CHECK,0,0.502,-0.502,0.68625355,-0.24909055
1,4,39,370.063,0.0,post-correct,0.7580000000000382,congruent,invalid,SQUARE,RIGHT,1,0.2389999999999759,1,0.05,372.405,CHECK-PASS-M3,1,0.3,0.7,0.69175214,-0.24909055
1,4,40,371.773,1.0,post-error,0.4919999999999618,congruent,valid,CIRCLE,LEFT,1,0.08699999999998909,1,0.05,374.099,DONT-CHECK,0,0.518,-0.518,0.69175214,-0.25399262
1,4,41,373.035,1.0,post-correct,0.7259999999999991,congruent,valid,SQUARE,RIGHT,1,0.22900000000004184,1,0.05,375.768,DONT-CHECK,0,0.475,-0.475,0.69175214,-0.24543734
1,4,42,374.729,1.0,post-correct,0.7239999999999895,incongruent,valid,SQUARE,LEFT,1,0.22500000000002274,1,0.05,377.008,CHECK-PASS-M3,1,0.3,0.7,0.69505125,-0.24543734
1,4,43,376.398,1.0,post-correct,0.46999999999997044,congruent,valid,SQUARE,RIGHT,1,0.06499999999999773,1,0.05,378.253,CHECK-PASS-M3,1,0.3,0.7,0.6970307,-0.24543734
1,4,44,377.638,1.0,post-correct,0.47500000000002274,congruent,valid,SQUARE,RIGHT,1,0.06999999999999318,1,0.05,379.933,DONT-CHECK,0,0.491,-0.491,0.6970307,-0.24619743
1,4,45,378.883,0.0,post-correct,0.7189999999999941,incongruent,valid,CIRCLE,RIGHT,1,0.23200000000002774,1,0.05,381.202,CHECK-PASS-M3,1,0.32,0.6799999999999999,0.69021845,-0.24619743
1,4,46,380.563,1.0,post-error,0.49900000000002365,congruent,valid,CIRCLE,LEFT,1,0.07400000000001228,1,0.05,382.448,CHECK-PASS-M3,1,0.3,0.7,0.6941311,-0.24619743
1,4,47,381.832,1.0,post-correct,0.4759999999999991,incongruent,valid,CIRCLE,RIGHT,1,0.07099999999996953,1,0.05,383.722,CHECK-PASS-M3,1,0.32,0.6799999999999999,0.68847865,-0.24619743
1,4,48,383.078,1.0,post-correct,0.5040000000000191,congruent,valid,SQUARE,RIGHT,1,0.07900000000000773,1,0.05,385.406,DONT-CHECK,0,0.502,-0.502,0.68847865,-0.24911107
1,4,49,384.352,0.0,post-correct,0.7120000000000459,incongruent,invalid,CIRCLE,RIGHT,1,0.23500000000001364,1,0.05,386.681,CHECK-PASS-M3,1,0.32,0.6799999999999999,0.6850872,-0.24911107
1,4,50,386.036,1.0,post-error,0.5049999999999955,congruent,valid,CIRCLE,LEFT,1,0.07999999999998408,1,0.05,387.962,CHECK-PASS-M3,1,0.32,0.6799999999999999,0.6830523,-0.24911107
1,4,51,387.311,1.0,post-correct,0.5110000000000241,congruent,valid,SQUARE,RIGHT,1,0.08600000000001273,1,0.05,389.215,CHECK-PASS-M3,1,0.3,0.7,0.6898314,-0.24911107
1,4,52,388.592,1.0,post-correct,0.4830000000000041,congruent,valid,SQUARE,RIGHT,1,0.07799999999997453,1,0.05,390.478,CHECK-PASS-M3,1,0.32,0.6799999999999999,0.68589884,-0.24911107
1,4,53,389.845,1.0,post-correct,0.492999999999995,congruent,invalid,CIRCLE,LEFT,1,0.06800000000004047,1,0.05,392.205,DONT-CHECK,0,0.52,-0.52,0.68589884,-0.25447997
1,4,54,391.108,1.0,post-correct,0.757000000000005,incongruent,valid,SQUARE,LEFT,1,0.2249999999999659,1,0.05,393.849,DONT-CHECK,0,0.489,-0.489,0.68589884,-0.2489728
1,4,55,392.835,0.0,post-correct,0.7050000000000409,incongruent,valid,SQUARE,LEFT,1,0.21699999999998454,1,0.05,395.546,DONT-CHECK,0,0.479,-0.479,0.68589884,-0.24459021
1,4,56,394.479,0.0,post-error,0.7479999999999905,congruent,valid,SQUARE,RIGHT,1,0.23599999999999,1,0.05,397.215,DONT-CHECK,0,0.491,-0.491,0.68589884,-0.24589247
1,4,57,396.176,0.0,post-error,0.7080000000000268,congruent,invalid,SQUARE,RIGHT,1,0.23399999999998045,1,0.05,398.912,DONT-CHECK,0,0.5,-0.5,0.68589884,-0.2485213
1,4,58,397.845,1.0,post-error,0.7469999999999573,congruent,valid,SQUARE,RIGHT,1,0.2189999999999941,1,0.05,400.149,CHECK-PASS-M3,1,0.3,0.7,0.6915393,-0.2485213
1,4,59,399.542,1.0,post-correct,0.4670000000000414,congruent,valid,SQUARE,RIGHT,1,0.06200000000001182,1,0.05,401.862,DONT-CHECK,0,0.514,-0.514,0.6915393,-0.25282767
1,4,60,400.779,0.0,post-correct,0.7490000000000236,incongruent,valid,SQUARE,LEFT,1,0.22199999999998,1,0.05,403.534,DONT-CHECK,0,0.481,-0.481,0.6915393,-0.24645796
1,4,61,402.492,1.0,post-error,0.7409999999999854,incongruent,valid,SQUARE,LEFT,1,0.2480000000000473,1,0.05,405.277,DONT-CHECK,0,0.515,-0.515,0.6915393,-0.25232485
1,4,62,404.164,1.0,post-correct,0.77800000000002,incongruent,valid,CIRCLE,RIGHT,1,0.2370000000000232,1,0.05,406.534,CHECK-PASS-M3,1,0.32,0.6799999999999999,0.68692356,-0.25232485
1,4,63,405.907,1.0,post-correct,0.4870000000000232,congruent,valid,SQUARE,RIGHT,1,0.06200000000001182,1,0.05,407.784,CHECK-PASS-M3,1,0.3,0.7,0.6921541,-0.25232485
1,4,64,407.164,1.0,post-correct,0.4800000000000182,incongruent,valid,SQUARE,LEFT,1,0.07499999999998863,1,0.05,409.03,CHECK-PASS-M3,1,0.3,0.7,0.6952925,-0.25232485
1,4,65,408.414,1.0,post-correct,0.4759999999999991,incongruent,invalid,SQUARE,LEFT,1,0.07099999999996953,1,0.05,410.29,CHECK-PASS-M3,1,0.32,0.6799999999999999,0.6891755,-0.25232485
1,4,66,409.66,1.0,post-correct,0.48999999999995225,congruent,valid,CIRCLE,LEFT,1,0.06499999999999773,1,0.05,411.548,CHECK-PASS-M3,1,0.32,0.6799999999999999,0.6855053,-0.25232485
1,4,67,410.92,1.0,post-correct,0.48799999999999955,congruent,valid,SQUARE,RIGHT,1,0.06300000000004502,1,0.05,412.813,CHECK-PASS-M3,1,0.32,0.6799999999999999,0.6833032,-0.25232485
1,4,68,412.178,1.0,post-correct,0.49500000000000455,congruent,valid,CIRCLE,LEFT,1,0.06999999999999318,1,0.05,414.487,DONT-CHECK,0,0.493,-0.493,0.6833032,-0.24915694
1,4,69,413.443,0.0,post-correct,0.7309999999999945,congruent,invalid,CIRCLE,LEFT,1,0.22500000000002274,1,0.05,415.737,CHECK-PASS-M3,1,0.3,0.7,0.6899819,-0.24915694
1,4,70,415.117,1.0,post-error,0.47999999999996135,incongruent,valid,SQUARE,LEFT,1,0.07500000000004547,1,0.05,417.002,CHECK-PASS-M3,1,0.32,0.6799999999999999,0.68598914,-0.24915694
1,4,71,416.367,1.0,post-correct,0.49500000000000455,incongruent,valid,CIRCLE,RIGHT,1,0.07000000000005002,1,0.05,418.678,DONT-CHECK,0,0.464,-0.464,0.68598914,-0.24105649
1,4,72,417.632,1.0,post-correct,0.7420000000000186,incongruent,valid,CIRCLE,RIGHT,1,0.2489999999999668,1,0.05,420.33,DONT-CHECK,0,0.467,-0.467,0.68598914,-0.23886034
1,4,73,419.308,1.0,post-correct,0.7150000000000318,congruent,valid,CIRCLE,LEFT,1,0.23399999999998045,1,0.05,421.562,CHECK-PASS-M3,1,0.3,0.7,0.69159347,-0.23886034
1,4,74,420.96,1.0,post-correct,0.46200000000004593,incongruent,invalid,CIRCLE,RIGHT,1,0.05700000000001637,1,0.05,423.234,DONT-CHECK,0,0.465,-0.465,0.69159347,-0.23758972
1,4,75,422.192,1.0,post-correct,0.7369999999999663,incongruent,valid,CIRCLE,RIGHT,1,0.2389999999999759,1,0.05,424.482,CHECK-PASS-M3,1,0.3,0.7,0.69495606,-0.23758972
1,5,1,425.297,1.0,NaN,0.4749999999999659,incongruent,valid,CIRCLE,RIGHT,1,0.06999999999999318,1,0.05,427.158,CHECK-PASS-M3,1,0.3,0.7,0.6981842,-0.23758972
1,5,2,426.542,1.0,post-correct,0.4759999999999991,incongruent,invalid,CIRCLE,RIGHT,1,0.07100000000002638,1,0.05,428.422,CHECK-PASS-M3,1,0.32,0.6799999999999999,0.6909105,-0.23758972
1,5,3,427.788,1.0,post-correct,0.49399999999997135,congruent,valid,SQUARE,RIGHT,1,0.06899999999995998,1,0.05,430.072,DONT-CHECK,0,0.492,-0.492,0.6909105,-0.24361229
1,5,4,429.052,1.0,post-correct,0.70799999999997,incongruent,valid,CIRCLE,RIGHT,1,0.21800000000001774,1,0.05,431.328,CHECK-PASS-M3,1,0.3,0.7,0.6945463,-0.24361229
1,5,5,430.702,1.0,post-correct,0.48599999999999,congruent,valid,CIRCLE,LEFT,1,0.08099999999996044,1,0.05,432.597,CHECK-PASS-M3,1,0.32,0.6799999999999999,0.6887278,-0.24361229
1,5,6,431.958,1.0,post-correct,0.4989999999999668,incongruent,valid,SQUARE,LEFT,1,0.07400000000001228,1,0.05,433.887,CHECK-PASS-M3,1,0.32,0.6799999999999999,0.6852367,-0.24361229
1,5,7,433.227,1.0,post-correct,0.5200000000000387,incongruent,valid,CIRCLE,RIGHT,1,0.09500000000002728,1,0.05,435.122,CHECK-PASS-M3,1,0.3,0.7,0.691142,-0.24361229
1,5,8,434.517,1.0,post-correct,0.46500000000003183,congruent,valid,CIRCLE,LEFT,1,0.060000000000002274,1,0.05,436.36,CHECK-PASS-M3,1,0.3,0.7,0.6946852,-0.24361229
1,5,9,435.752,1.0,post-correct,0.46800000000001774,congruent,valid,CIRCLE,LEFT,1,0.06299999999998818,1,0.05,438.02,DONT-CHECK,0,0.495,-0.495,0.6946852,-0.24650043
1,5,10,436.99,1.0,post-correct,0.714999999999975,incongruent,invalid,SQUARE,LEFT,1,0.21699999999998454,1,0.05,439.286,CHECK-PASS-M3,1,0.3,0.7,0.69681114,-0.24650043
1,5,11,438.65,1.0,post-correct,0.49600000000003774,incongruent,valid,SQUARE,LEFT,1,0.09100000000000819,1,0.05,440.931,DONT-CHECK,0,0.493,-0.493,0.69681114,-0.24706015
1,5,12,439.916,1.0,post-correct,0.7019999999999982,incongruent,valid,CIRCLE,RIGHT,1,0.20699999999999363,1,0.05,442.576,DONT-CHECK,0,0.481,-0.481,0.69681114,-0.24438167
1,5,13,441.561,1.0,post-correct,0.6940000000000168,congruent,valid,CIRCLE,LEFT,1,0.22100000000000364,1,0.05,443.817,CHECK-PASS-M3,1,0.3,0.7,0.6980867,-0.24438167
1,5,14,443.206,1.0,post-correct,0.47100000000000364,congruent,invalid,CIRCLE,LEFT,1,0.06600000000003092,1,0.05,445.064,CHECK-PASS-M3,1,0.3,0.7,0.698852,-0.24438167
1,5,15,444.447,1.0,post-correct,0.47699999999997544,congruent,valid,CIRCLE,LEFT,1,0.07200000000000273,1,0.05,446.308,CHECK-PASS-M3,1,0.3,0.7,0.6993112,-0.24438167
1,5,16,445.694,1.0,post-correct,0.47399999999998954,incongruent,valid,CIRCLE,RIGHT,1,0.06900000000001683,1,0.05,447.584,CHECK-PASS-M3,1,0.32,0.6799999999999999,0.69158673,-0.24438167
1,5,17,446.938,1.0,post-correct,0.5060000000000286,incongruent,valid,SQUARE,LEFT,1,0.08100000000001728,1,0.05,449.242,DONT-CHECK,0,0.495,-0.495,0.69158673,-0.24677739
1,5,18,448.214,1.0,post-correct,0.7130000000000223,congruent,valid,CIRCLE,LEFT,1,0.22100000000000364,1,0.05,450.506,CHECK-PASS-M3,1,0.32,0.6799999999999999,0.68695205,-0.24677739
1,5,19,449.872,1.0,post-correct,0.49399999999997135,incongruent,valid,SQUARE,LEFT,1,0.06900000000001683,1,0.05,451.759,CHECK-PASS-M3,1,0.3,0.7,0.6921712,-0.24677739
1,5,20,451.136,1.0,post-correct,0.4830000000000041,congruent,valid,SQUARE,RIGHT,1,0.07800000000003138,1,0.05,453.032,CHECK-PASS-M3,1,0.32,0.6799999999999999,0.6873027,-0.24677739
1,5,21,452.389,1.0,post-correct,0.5029999999999859,incongruent,valid,CIRCLE,RIGHT,1,0.07799999999997453,1,0.05,454.315,CHECK-PASS-M3,1,0.32,0.6799999999999999,0.6843816,-0.24677739
1,5,22,453.662,1.0,post-correct,0.5130000000000337,congruent,invalid,SQUARE,RIGHT,1,0.08800000000002228,1,0.05,455.963,DONT-CHECK,0,0.463,-0.463,0.6843816,-0.23995987
1,5,23,454.945,0.0,post-correct,0.7150000000000318,congruent,valid,CIRCLE,LEFT,1,0.2330000000000041,1,0.05,457.228,CHECK-PASS-M3,1,0.3,0.7,0.69062895,-0.23995987
1,5,24,456.593,1.0,post-error,0.49500000000000455,congruent,valid,SQUARE,RIGHT,1,0.09000000000003183,1,0.05,458.89,DONT-CHECK,0,0.466,-0.466,0.69062895,-0.23822555
1,5,25,457.858,0.0,post-correct,0.7259999999999991,congruent,valid,CIRCLE,LEFT,1,0.242999999999995,1,0.05,460.15,CHECK-PASS-M3,1,0.32,0.6799999999999999,0.68637735,-0.23822555
1,5,26,459.52,1.0,post-error,0.4900000000000091,incongruent,valid,CIRCLE,RIGHT,1,0.06499999999999773,1,0.05,461.415,CHECK-PASS-M3,1,0.32,0.6799999999999999,0.6838264,-0.23822555
1,5,27,460.78,1.0,post-correct,0.49500000000000455,incongruent,valid,SQUARE,LEFT,1,0.06999999999999318,1,0.05,462.653,CHECK-PASS-M3,1,0.3,0.7,0.6902958,-0.23822555
1,5,28,462.045,1.0,post-correct,0.4679999999999609,incongruent,valid,SQUARE,LEFT,1,0.06300000000004502,1,0.05,463.95,CHECK-PASS-M3,1,0.32,0.6799999999999999,0.6861775,-0.23822555
1,5,29,463.283,1.0,post-correct,0.5269999999999868,incongruent,valid,CIRCLE,RIGHT,1,0.10200000000003229,1,0.05,465.2,CHECK-PASS-M3,1,0.32,0.6799999999999999,0.6837065,-0.23822555
1,5,30,464.58,1.0,post-correct,0.4800000000000182,incongruent,valid,SQUARE,LEFT,1,0.05500000000000682,1,0.05,466.442,CHECK-PASS-M3,1,0.3,0.7,0.69022393,-0.23822555
1,5,31,465.83,1.0,post-correct,0.47200000000003683,congruent,valid,SQUARE,RIGHT,1,0.06700000000000728,1,0.05,468.134,DONT-CHECK,0,0.503,-0.503,0.69022393,-0.24648121
1,5,32,467.072,1.0,post-correct,0.7389999999999759,incongruent,valid,CIRCLE,RIGHT,1,0.25099999999997635,1,0.05,469.77,DONT-CHECK,0,0.472,-0.472,0.69022393,-0.24201323
1,5,33,468.764,1.0,post-correct,0.6940000000000168,incongruent,valid,CIRCLE,RIGHT,1,0.20999999999997954,1,0.05,471.037,CHECK-PASS-M3,1,0.32,0.6799999999999999,0.68613434,-0.24201323
1,5,34,470.4,1.0,post-correct,0.4970000000000141,incongruent,invalid,SQUARE,LEFT,1,0.07200000000000273,1,0.05,472.282,CHECK-PASS-M3,1,0.3,0.7,0.6916806,-0.24201323
1,5,35,471.667,1.0,post-correct,0.47500000000002274,incongruent,valid,SQUARE,LEFT,1,0.06999999999999318,1,0.05,473.54,CHECK-PASS-M3,1,0.32,0.6799999999999999,0.6870084,-0.24201323
1,5,36,472.912,1.0,post-correct,0.48799999999999955,congruent,valid,CIRCLE,LEFT,1,0.06299999999998818,1,0.05,475.196,DONT-CHECK,0,0.479,-0.479,0.6870084,-0.24208476
1,5,37,474.17,1.0,post-correct,0.7269999999999754,incongruent,valid,SQUARE,LEFT,1,0.21800000000001774,1,0.05,476.432,CHECK-PASS-M3,1,0.3,0.7,0.692205,-0.24208476
1,5,38,475.826,1.0,post-correct,0.46599999999995134,congruent,valid,SQUARE,RIGHT,1,0.06100000000003547,1,0.05,477.69,CHECK-PASS-M3,1,0.3,0.7,0.695323,-0.24208476
1,5,39,477.062,1.0,post-correct,0.48799999999999955,congruent,invalid,SQUARE,RIGHT,1,0.08299999999996999,1,0.05,478.95,CHECK-PASS-M3,1,0.32,0.6799999999999999,0.6891938,-0.24208476
1,5,40,478.32,1.0,post-correct,0.4900000000000091,congruent,valid,CIRCLE,LEFT,1,0.06499999999999773,1,0.05,480.218,CHECK-PASS-M3,1,0.32,0.6799999999999999,0.6855163,-0.24208476
1,5,41,479.58,1.0,post-correct,0.49799999999999045,congruent,valid,SQUARE,RIGHT,1,0.07299999999997908,1,0.05,481.831,DONT-CHECK,0,0.458,-0.458,0.6855163,-0.2370705
1,5,42,480.848,1.0,post-correct,0.6850000000000023,incongruent,valid,SQUARE,LEFT,1,0.21300000000002228,1,0.05,483.496,DONT-CHECK,0,0.484,-0.484,0.6855163,-0.24150538
1,5,43,482.461,0.0,post-correct,0.7309999999999945,congruent,valid,SQUARE,RIGHT,1,0.2410000000000423,1,0.05,484.755,CHECK-PASS-M3,1,0.32,0.6799999999999999,0.6833098,-0.24150538
1,5,44,484.126,1.0,post-error,0.48900000000003274,congruent,valid,SQUARE,RIGHT,1,0.06400000000002137,1,0.05,486.025,CHECK-PASS-M3,1,0.32,0.6799999999999999,0.68198586,-0.24150538
1,5,45,485.385,1.0,post-correct,0.5,incongruent,valid,CIRCLE,RIGHT,1,0.07499999999998863,1,0.05,487.267,CHECK-PASS-M3,1,0.3,0.7,0.6891915,-0.24150538
1,5,46,486.655,1.0,post-correct,0.47200000000003683,congruent,valid,CIRCLE,LEFT,1,0.06700000000000728,1,0.05,488.92,DONT-CHECK,0,0.469,-0.469,0.6891915,-0.23950192
1,5,47,487.897,1.0,post-correct,0.7139999999999986,incongruent,valid,CIRCLE,RIGHT,1,0.22199999999998,1,0.05,490.194,CHECK-PASS-M3,1,0.32,0.6799999999999999,0.6855149,-0.23950192
1,5,48,489.55,1.0,post-correct,0.5039999999999623,congruent,valid,SQUARE,RIGHT,1,0.07899999999995089,1,0.05,491.465,CHECK-PASS-M3,1,0.32,0.6799999999999999,0.68330896,-0.23950192
1,5,49,490.824,1.0,post-correct,0.5009999999999764,incongruent,invalid,CIRCLE,RIGHT,1,0.07599999999996498,1,0.05,492.705,CHECK-PASS-M3,1,0.3,0.7,0.6899854,-0.23950192
1,5,50,492.095,1.0,post-correct,0.46999999999997044,congruent,valid,CIRCLE,LEFT,1,0.06499999999999773,1,0.05,494.357,DONT-CHECK,0,0.493,-0.493,0.6899854,-0.24454069
1,5,51,493.335,1.0,post-correct,0.7090000000000032,congruent,valid,SQUARE,RIGHT,1,0.228999999999985,1,0.05,495.621,CHECK-PASS-M3,1,0.3,0.7,0.69399124,-0.24454069
1,5,52,494.987,1.0,post-correct,0.49399999999997135,congruent,valid,SQUARE,RIGHT,1,0.08899999999999864,1,0.05,496.888,CHECK-PASS-M3,1,0.32,0.6799999999999999,0.6883947,-0.24454069
1,5,53,496.251,1.0,post-correct,0.4970000000000141,congruent,invalid,CIRCLE,LEFT,1,0.07200000000000273,1,0.05,498.167,CHECK-PASS-M3,1,0.32,0.6799999999999999,0.68503684,-0.24454069
1,5,54,497.518,1.0,post-correct,0.5090000000000146,incongruent,valid,SQUARE,LEFT,1,0.08400000000000318,1,0.05,499.406,CHECK-PASS-M3,1,0.3,0.7,0.6910221,-0.24454069
1,5,55,498.797,1.0,post-correct,0.4689999999999941,incongruent,valid,SQUARE,LEFT,1,0.06400000000002137,1,0.05,500.656,CHECK-PASS-M3,1,0.3,0.7,0.6946133,-0.24454069
1,5,56,500.036,1.0,post-correct,0.4800000000000182,congruent,valid,SQUARE,RIGHT,1,0.07499999999998863,1,0.05,502.309,DONT-CHECK,0,0.476,-0.476,0.6946133,-0.24227464
1,5,57,501.286,1.0,post-correct,0.7069999999999936,congruent,invalid,SQUARE,RIGHT,1,0.22199999999998,1,0.05,503.556,CHECK-PASS-M3,1,0.3,0.7,0.696768,-0.24227464
1,5,58,502.939,1.0,post-correct,0.47699999999997544,congruent,valid,SQUARE,RIGHT,1,0.07200000000000273,1,0.05,504.806,CHECK-PASS-M3,1,0.3,0.7,0.6980608,-0.24227464
1,5,59,504.186,1.0,post-correct,0.4800000000000182,congruent,valid,SQUARE,RIGHT,1,0.07499999999998863,1,0.05,506.044,CHECK-PASS-M3,1,0.3,0.7,0.6988365,-0.24227464
1,5,60,505.436,1.0,post-correct,0.46800000000001774,incongruent,valid,SQUARE,LEFT,1,0.06299999999998818,1,0.05,507.279,CHECK-PASS-M3,1,0.3,0.7,0.6993019,-0.24227464
1,5,61,506.674,1.0,post-correct,0.46500000000003183,incongruent,valid,SQUARE,LEFT,1,0.060000000000002274,1,0.05,508.539,CHECK-PASS-M3,1,0.32,0.6799999999999999,0.69158113,-0.24227464
1,5,62,507.909,1.0,post-correct,0.4900000000000091,incongruent,valid,CIRCLE,RIGHT,1,0.06499999999999773,1,0.05,509.807,CHECK-PASS-M3,1,0.32,0.6799999999999999,0.68694866,-0.24227464
1,5,63,509.169,1.0,post-correct,0.49799999999999045,congruent,valid,SQUARE,RIGHT,1,0.07299999999997908,1,0.05,511.464,DONT-CHECK,0,0.476,-0.476,0.68694866,-0.24145886
1,5,64,510.437,1.0,post-correct,0.7110000000000127,incongruent,valid,SQUARE,LEFT,1,0.24099999999998545,1,0.05,512.698,CHECK-PASS-M3,1,0.3,0.7,0.6921692,-0.24145886
1,5,65,512.094,1.0,post-correct,0.4639999999999418,incongruent,invalid,SQUARE,LEFT,1,0.05899999999996908,1,0.05,513.964,CHECK-PASS-M3,1,0.32,0.6799999999999999,0.6873015,-0.24145886
1,5,66,513.328,1.0,post-correct,0.4959999999999809,congruent,valid,CIRCLE,LEFT,1,0.07099999999991269,1,0.05,515.638,DONT-CHECK,0,0.481,-0.481,0.6873015,-0.24236518
1,5,67,514.594,0.0,post-correct,0.7229999999999563,congruent,valid,SQUARE,RIGHT,1,0.23500000000001364,1,0.05,516.873,CHECK-PASS-M3,1,0.3,0.7,0.6923809,-0.24236518
1,5,68,516.268,1.0,post-error,0.46499999999991815,congruent,valid,CIRCLE,LEFT,1,0.06000000000005912,1,0.05,518.124,CHECK-PASS-M3,1,0.3,0.7,0.69542855,-0.24236518
1,5,69,517.503,1.0,post-correct,0.48099999999999454,congruent,invalid,CIRCLE,LEFT,1,0.07600000000002183,1,0.05,519.754,DONT-CHECK,0,0.478,-0.478,0.69542855,-0.24197146
1,5,70,518.754,0.0,post-correct,0.6820000000000164,incongruent,valid,SQUARE,LEFT,1,0.21199999999998909,1,0.05,521.412,DONT-CHECK,0,0.486,-0.486,0.69542855,-0.24374974
1,5,71,520.384,0.0,post-error,0.72199999999998,incongruent,valid,CIRCLE,RIGHT,1,0.22900000000004184,1,0.05,523.07,DONT-CHECK,0,0.488,-0.488,0.69542855,-0.24486992
1,5,72,522.042,1.0,post-error,0.7199999999999136,incongruent,valid,CIRCLE,RIGHT,1,0.22699999999997544,1,0.05,524.756,DONT-CHECK,0,0.475,-0.475,0.69542855,-0.24215317
1,5,73,523.7,1.0,post-correct,0.7409999999999854,congruent,valid,CIRCLE,LEFT,1,0.2519999999999527,1,0.05,526.369,DONT-CHECK,0,0.46,-0.46,0.69542855,-0.23757514
1,5,74,525.386,1.0,post-correct,0.6829999999999927,incongruent,invalid,CIRCLE,RIGHT,1,0.21899999999993724,1,0.05,527.604,CHECK-PASS-M3,1,0.3,0.7,0.6972571,-0.23757514
1,5,75,526.999,1.0,post-correct,0.46500000000003183,incongruent,valid,CIRCLE,RIGHT,1,0.06000000000005912,1,0.05,528.858,CHECK-PASS-M3,1,0.3,0.7,0.69835424,-0.23757514
1,6,1,529.673,1.0,NaN,0.4779999999999518,incongruent,valid,CIRCLE,RIGHT,1,0.07300000000009277,1,0.05,531.523,CHECK-PASS-M3,1,0.3,0.7,0.6994075,-0.23757514
1,6,2,530.921,1.0,post-correct,0.4619999999999891,incongruent,invalid,CIRCLE,RIGHT,1,0.05700000000001637,1,0.05,532.811,CHECK-PASS-M3,1,0.32,0.6799999999999999,0.6916445,-0.23757514
1,6,3,532.153,1.0,post-correct,0.5180000000000291,congruent,valid,SQUARE,RIGHT,1,0.09300000000007458,1,0.05,534.452,DONT-CHECK,0,0.491,-0.491,0.6916445,-0.24336705
1,6,4,533.441,1.0,post-correct,0.6999999999999318,incongruent,valid,CIRCLE,RIGHT,1,0.20799999999997,1,0.05,535.71,CHECK-PASS-M3,1,0.3,0.7,0.6949867,-0.24336705
1,6,5,535.082,1.0,post-correct,0.4880000000000564,congruent,valid,CIRCLE,LEFT,1,0.08300000000008367,1,0.05,536.983,CHECK-PASS-M3,1,0.32,0.6799999999999999,0.688992,-0.24336705
1,6,6,536.34,1.0,post-correct,0.5029999999999291,incongruent,valid,SQUARE,LEFT,1,0.07799999999997453,1,0.05,538.248,CHECK-PASS-M3,1,0.32,0.6799999999999999,0.68539524,-0.24336705
1,6,7,537.613,1.0,post-correct,0.49499999999989086,incongruent,valid,CIRCLE,RIGHT,1,0.06999999999993634,1,0.05,539.491,CHECK-PASS-M3,1,0.3,0.7,0.69123715,-0.24336705
1,6,8,538.878,1.0,post-correct,0.47299999999995634,congruent,valid,CIRCLE,LEFT,1,0.06799999999998363,1,0.05,541.122,DONT-CHECK,0,0.471,-0.471,0.69123715,-0.24065214
1,6,9,540.121,1.0,post-correct,0.6900000000000546,congruent,valid,CIRCLE,LEFT,1,0.21499999999991815,1,0.05,542.377,CHECK-PASS-M3,1,0.32,0.6799999999999999,0.6867423,-0.24065214
1,6,10,541.752,1.0,post-correct,0.48500000000001364,incongruent,invalid,SQUARE,LEFT,1,0.05999999999994543,1,0.05,543.623,CHECK-PASS-M3,1,0.3,0.7,0.6920454,-0.24065214
1,6,11,543.007,1.0,post-correct,0.4759999999999991,incongruent,valid,SQUARE,LEFT,1,0.07100000000002638,1,0.05,544.89,CHECK-PASS-M3,1,0.32,0.6799999999999999,0.68722725,-0.24065214
1,6,12,544.253,1.0,post-correct,0.49699999999995725,incongruent,valid,CIRCLE,RIGHT,1,0.07200000000000273,1,0.05,546.14,CHECK-PASS-M3,1,0.3,0.7,0.6923363,-0.24065214
1,6,13,545.52,1.0,post-correct,0.4800000000000182,congruent,valid,CIRCLE,LEFT,1,0.07499999999993179,1,0.05,547.376,CHECK-PASS-M3,1,0.3,0.7,0.6954018,-0.24065214
1,6,14,546.77,1.0,post-correct,0.4660000000000082,congruent,invalid,CIRCLE,LEFT,1,0.06099999999992178,1,0.05,548.618,CHECK-PASS-M3,1,0.3,0.7,0.69724107,-0.24065214
1,6,15,548.006,1.0,post-correct,0.47199999999998,congruent,valid,CIRCLE,LEFT,1,0.06700000000000728,1,0.05,549.853,CHECK-PASS-M3,1,0.3,0.7,0.69834465,-0.24065214
1,6,16,549.248,1.0,post-correct,0.46499999999991815,incongruent,valid,CIRCLE,RIGHT,1,0.05999999999994543,1,0.05,551.158,CHECK-PASS-M3,1,0.32,0.6799999999999999,0.6910068,-0.24065214
1,6,17,550.483,1.0,post-correct,0.5350000000000819,incongruent,valid,SQUARE,LEFT,1,0.11000000000001364,1,0.05,552.417,CHECK-PASS-M3,1,0.32,0.6799999999999999,0.6866041,-0.24065214
1,6,18,551.788,1.0,post-correct,0.48900000000003274,congruent,valid,CIRCLE,LEFT,1,0.06400000000007822,1,0.05,554.084,DONT-CHECK,0,0.481,-0.481,0.6866041,-0.24207476
1,6,19,553.047,1.0,post-correct,0.73599999999999,incongruent,valid,SQUARE,LEFT,1,0.2380000000000564,1,0.05,555.718,DONT-CHECK,0,0.468,-0.468,0.6866041,-0.2394669
1,6,20,554.714,1.0,post-correct,0.6959999999999127,congruent,valid,SQUARE,RIGHT,1,0.2259999999999991,1,0.05,557.367,DONT-CHECK,0,0.468,-0.468,0.6866041,-0.23852807
1,6,21,556.348,0.0,post-correct,0.7110000000000127,incongruent,valid,CIRCLE,RIGHT,1,0.22000000000002728,1,0.05,558.604,CHECK-PASS-M3,1,0.3,0.7,0.6919624,-0.23852807
1,6,22,557.997,1.0,post-error,0.4670000000000982,congruent,invalid,SQUARE,RIGHT,1,0.06200000000001182,1,0.05,559.871,CHECK-PASS-M3,1,0.32,0.6799999999999999,0.6871775,-0.23852807
1,6,23,559.234,1.0,post-correct,0.49699999999995725,congruent,valid,CIRCLE,LEFT,1,0.07200000000000273,1,0.05,561.139,CHECK-PASS-M3,1,0.32,0.6799999999999999,0.6843065,-0.23852807
1,6,24,560.501,1.0,post-correct,0.4980000000000473,congruent,valid,SQUARE,RIGHT,1,0.07299999999997908,1,0.05,562.395,CHECK-PASS-M3,1,0.32,0.6799999999999999,0.6825839,-0.23852807
1,6,25,561.769,1.0,post-correct,0.48599999999999,congruent,valid,CIRCLE,LEFT,1,0.06100000000003547,1,0.05,563.634,CHECK-PASS-M3,1,0.3,0.7,0.68955034,-0.23852807
1,6,26,563.025,1.0,post-correct,0.46900000000005093,incongruent,valid,CIRCLE,RIGHT,1,0.06399999999996453,1,0.05,564.893,CHECK-PASS-M3,1,0.32,0.6799999999999999,0.6857302,-0.23852807
1,6,27,564.264,1.0,post-correct,0.48900000000003274,incongruent,valid,SQUARE,LEFT,1,0.06400000000007822,1,0.05,566.141,CHECK-PASS-M3,1,0.3,0.7,0.69143814,-0.23852807
1,6,28,565.523,1.0,post-correct,0.4779999999999518,incongruent,valid,SQUARE,LEFT,1,0.07299999999997908,1,0.05,567.411,CHECK-PASS-M3,1,0.32,0.6799999999999999,0.6868629,-0.23852807
1,6,29,566.771,1.0,post-correct,0.5,incongruent,valid,CIRCLE,RIGHT,1,0.07499999999993179,1,0.05,568.686,CHECK-PASS-M3,1,0.32,0.6799999999999999,0.68411773,-0.23852807
1,6,30,568.041,1.0,post-correct,0.5049999999999955,incongruent,valid,SQUARE,LEFT,1,0.08000000000004093,1,0.05,570.311,DONT-CHECK,0,0.468,-0.468,0.68411773,-0.2381901
1,6,31,569.316,1.0,post-correct,0.6870000000000118,congruent,valid,SQUARE,RIGHT,1,0.21400000000005548,1,0.05,571.97,DONT-CHECK,0,0.481,-0.481,0.68411773,-0.24118844
1,6,32,570.941,1.0,post-correct,0.7279999999999518,incongruent,valid,CIRCLE,RIGHT,1,0.22500000000002274,1,0.05,573.213,CHECK-PASS-M3,1,0.3,0.7,0.69047064,-0.24118844
1,6,33,572.6,1.0,post-correct,0.47299999999995634,incongruent,valid,CIRCLE,RIGHT,1,0.06799999999998363,1,0.05,574.858,DONT-CHECK,0,0.46,-0.46,0.69047064,-0.23722783
1,6,34,573.843,0.0,post-correct,0.7150000000000318,incongruent,invalid,SQUARE,LEFT,1,0.2239999999999327,1,0.05,576.116,CHECK-PASS-M3,1,0.32,0.6799999999999999,0.6862824,-0.23722783
1,6,35,575.488,1.0,post-error,0.4879999999999427,incongruent,valid,SQUARE,LEFT,1,0.06299999999998818,1,0.05,577.393,CHECK-PASS-M3,1,0.32,0.6799999999999999,0.68376946,-0.23722783
1,6,36,576.746,1.0,post-correct,0.5070000000000618,congruent,valid,CIRCLE,LEFT,1,0.08199999999999363,1,0.05,578.652,CHECK-PASS-M3,1,0.32,0.6799999999999999,0.6822617,-0.23722783
1,6,37,578.023,1.0,post-correct,0.48899999999991905,incongruent,valid,SQUARE,LEFT,1,0.06399999999996453,1,0.05,579.899,CHECK-PASS-M3,1,0.3,0.7,0.68935704,-0.23722783
1,6,38,579.282,1.0,post-correct,0.47699999999997544,congruent,valid,SQUARE,RIGHT,1,0.07200000000000273,1,0.05,581.152,CHECK-PASS-M3,1,0.3,0.7,0.69361424,-0.23722783
1,6,39,580.529,1.0,post-correct,0.48299999999994725,congruent,invalid,SQUARE,RIGHT,1,0.07800000000008822,1,0.05,582.418,CHECK-PASS-M3,1,0.32,0.6799999999999999,0.6881685,-0.23722783
1,6,40,581.782,1.0,post-correct,0.4959999999999809,congruent,valid,CIRCLE,LEFT,1,0.07100000000002638,1,0.05,583.696,CHECK-PASS-M3,1,0.32,0.6799999999999999,0.6849011,-0.23722783
1,6,41,583.048,1.0,post-correct,0.5080000000000382,congruent,valid,SQUARE,RIGHT,1,0.08300000000008367,1,0.05,585.322,DONT-CHECK,0,0.475,-0.475,0.6849011,-0.23940201
1,6,42,584.326,1.0,post-correct,0.6809999999999263,incongruent,valid,SQUARE,LEFT,1,0.21800000000007458,1,0.05,586.563,CHECK-PASS-M3,1,0.3,0.7,0.6909407,-0.23940201
1,6,43,585.952,1.0,post-correct,0.47100000000000364,congruent,valid,SQUARE,RIGHT,1,0.06600000000003092,1,0.05,587.811,CHECK-PASS-M3,1,0.3,0.7,0.6945644,-0.23940201
1,6,44,587.193,1.0,post-correct,0.4780000000000655,congruent,valid,SQUARE,RIGHT,1,0.07299999999997908,1,0.05,589.467,DONT-CHECK,0,0.489,-0.489,0.6945644,-0.24354473
1,6,45,588.441,1.0,post-correct,0.7169999999999845,incongruent,valid,CIRCLE,RIGHT,1,0.20699999999999363,1,0.05,590.704,CHECK-PASS-M3,1,0.3,0.7,0.69673866,-0.24354473
1,6,46,590.097,1.0,post-correct,0.46699999999998454,congruent,valid,CIRCLE,LEFT,1,0.06199999999989814,1,0.05,591.957,CHECK-PASS-M3,1,0.3,0.7,0.69804317,-0.24354473
1,6,47,591.334,1.0,post-correct,0.48300000000006094,incongruent,valid,CIRCLE,RIGHT,1,0.07799999999997453,1,0.05,593.606,DONT-CHECK,0,0.483,-0.483,0.69804317,-0.2435961
1,6,48,592.587,1.0,post-correct,0.7160000000000082,congruent,valid,SQUARE,RIGHT,1,0.22800000000006548,1,0.05,594.871,CHECK-PASS-M3,1,0.32,0.6799999999999999,0.6908259,-0.2435961
1,6,49,594.236,1.0,post-correct,0.49500000000000455,incongruent,invalid,CIRCLE,RIGHT,1,0.07000000000005002,1,0.05,596.118,CHECK-PASS-M3,1,0.3,0.7,0.6944955,-0.2435961
1,6,50,595.501,1.0,post-correct,0.47699999999997544,congruent,valid,CIRCLE,LEFT,1,0.07200000000000273,1,0.05,597.798,DONT-CHECK,0,0.486,-0.486,0.6944955,-0.2443346
1,6,51,596.748,1.0,post-correct,0.7439999999999145,congruent,valid,SQUARE,RIGHT,1,0.22900000000004184,1,0.05,599.059,CHECK-PASS-M3,1,0.3,0.7,0.6966973,-0.2443346
1,6,52,598.428,1.0,post-correct,0.49099999999998545,congruent,valid,SQUARE,RIGHT,1,0.08600000000001273,1,0.05,600.32,CHECK-PASS-M3,1,0.32,0.6799999999999999,0.69001836,-0.2443346
1,6,53,599.689,1.0,post-correct,0.49099999999998545,congruent,invalid,CIRCLE,LEFT,1,0.06599999999991724,1,0.05,601.629,CHECK-PASS-M3,1,0.32,0.6799999999999999,0.686011,-0.2443346
1,6,54,600.95,1.0,post-correct,0.5389999999999873,incongruent,valid,SQUARE,LEFT,1,0.11400000000003274,1,0.05,602.871,CHECK-PASS-M3,1,0.3,0.7,0.6916066,-0.2443346
1,6,55,602.259,1.0,post-correct,0.47199999999998,incongruent,valid,SQUARE,LEFT,1,0.06700000000000728,1,0.05,604.113,CHECK-PASS-M3,1,0.3,0.7,0.69496393,-0.2443346
1,6,56,603.501,1.0,post-correct,0.47199999999998,congruent,valid,SQUARE,RIGHT,1,0.06700000000000728,1,0.05,605.737,DONT-CHECK,0,0.467,-0.467,0.69496393,-0.24004045
1,6,57,604.743,1.0,post-correct,0.6869999999998981,congruent,invalid,SQUARE,RIGHT,1,0.22299999999995634,1,0.05,607.379,DONT-CHECK,0,0.463,-0.463,0.69496393,-0.23753457
1,6,58,606.367,1.0,post-correct,0.70900000000006,congruent,valid,SQUARE,RIGHT,1,0.2319999999999709,1,0.05,608.62,CHECK-PASS-M3,1,0.3,0.7,0.69697833,-0.23753457
1,6,59,608.009,1.0,post-correct,0.47100000000000364,congruent,valid,SQUARE,RIGHT,1,0.06600000000003092,1,0.05,609.855,CHECK-PASS-M3,1,0.3,0.7,0.698187,-0.23753457
1,6,60,609.25,1.0,post-correct,0.46500000000003183,incongruent,valid,SQUARE,LEFT,1,0.06000000000005912,1,0.05,611.086,CHECK-PASS-M3,1,0.3,0.7,0.6989122,-0.23753457
1,6,61,610.485,1.0,post-correct,0.46100000000001273,incongruent,valid,SQUARE,LEFT,1,0.05600000000004002,1,0.05,612.35,CHECK-PASS-M3,1,0.32,0.6799999999999999,0.6913473,-0.23753457
1,6,62,611.716,1.0,post-correct,0.4940000000000282,incongruent,valid,CIRCLE,RIGHT,1,0.06900000000007367,1,0.05,613.602,CHECK-PASS-M3,1,0.32,0.6799999999999999,0.6868084,-0.23753457
1,6,63,612.98,1.0,post-correct,0.4819999999999709,congruent,valid,SQUARE,RIGHT,1,0.05700000000001637,1,0.05,614.836,CHECK-PASS-M3,1,0.3,0.7,0.692085,-0.23753457
1,6,64,614.232,1.0,post-correct,0.4640000000000555,incongruent,valid,SQUARE,LEFT,1,0.05899999999996908,1,0.05,616.528,DONT-CHECK,0,0.489,-0.489,0.692085,-0.24287245
1,6,65,615.466,0.0,post-correct,0.7530000000000427,incongruent,invalid,SQUARE,LEFT,1,0.24300000000005184,1,0.05,617.775,CHECK-PASS-M3,1,0.3,0.7,0.695251,-0.24287245
1,6,66,617.158,1.0,post-error,0.47699999999997544,congruent,valid,CIRCLE,LEFT,1,0.07200000000000273,1,0.05,619.033,CHECK-PASS-M3,1,0.32,0.6799999999999999,0.6891506,-0.24287245
1,6,67,618.405,1.0,post-correct,0.4880000000000564,congruent,valid,SQUARE,RIGHT,1,0.06299999999998818,1,0.05,620.288,CHECK-PASS-M3,1,0.32,0.6799999999999999,0.68549037,-0.24287245
1,6,68,619.663,1.0,post-correct,0.48500000000001364,congruent,valid,CIRCLE,LEFT,1,0.06000000000005912,1,0.05,621.524,CHECK-PASS-M3,1,0.3,0.7,0.6912942,-0.24287245
1,6,69,620.918,1.0,post-correct,0.4660000000000082,congruent,invalid,CIRCLE,LEFT,1,0.06100000000003547,1,0.05,622.796,CHECK-PASS-M3,1,0.32,0.6799999999999999,0.6867765,-0.24287245
1,6,70,622.154,1.0,post-correct,0.5019999999999527,incongruent,valid,SQUARE,LEFT,1,0.07699999999999818,1,0.05,624.461,DONT-CHECK,0,0.493,-0.493,0.6867765,-0.24575406
1,6,71,623.426,1.0,post-correct,0.72199999999998,incongruent,valid,CIRCLE,RIGHT,1,0.22500000000002274,1,0.05,625.713,CHECK-PASS-M3,1,0.3,0.7,0.6920659,-0.24575406
1,6,72,625.091,1.0,post-correct,0.4819999999999709,incongruent,valid,CIRCLE,RIGHT,1,0.07699999999999818,1,0.05,627.348,DONT-CHECK,0,0.478,-0.478,0.6920659,-0.24319145
1,6,73,626.343,0.0,post-correct,0.7069999999999936,congruent,valid,CIRCLE,LEFT,1,0.22299999999995634,1,0.05,628.627,CHECK-PASS-M3,1,0.32,0.6799999999999999,0.6872395,-0.24319145
1,6,74,627.978,1.0,post-error,0.5090000000000146,incongruent,invalid,CIRCLE,RIGHT,1,0.08399999999994634,1,0.05,629.881,CHECK-PASS-M3,1,0.3,0.7,0.6923437,-0.24319145
1,6,75,629.257,1.0,post-correct,0.4840000000000373,incongruent,valid,CIRCLE,RIGHT,1,0.07899999999995089,1,0.05,631.119,CHECK-PASS-M3,1,0.3,0.7,0.6954062,-0.24319145
1,7,1,631.934,1.0,NaN,0.47199999999998,incongruent,valid,CIRCLE,RIGHT,1,0.06700000000000728,1,0.05,633.793,CHECK-PASS-M3,1,0.3,0.7,0.6983462,-0.24319145
1,7,2,633.176,1.0,post-correct,0.47699999999997544,incongruent,invalid,CIRCLE,RIGHT,1,0.07200000000000273,1,0.05,635.062,CHECK-PASS-M3,1,0.32,0.6799999999999999,0.69100773,-0.24319145
1,7,3,634.423,1.0,post-correct,0.49900000000002365,congruent,valid,SQUARE,RIGHT,1,0.07400000000006912,1,0.05,636.325,CHECK-PASS-M3,1,0.32,0.6799999999999999,0.6866046,-0.24319145
1,7,4,635.692,1.0,post-correct,0.49299999999993815,incongruent,valid,CIRCLE,RIGHT,1,0.06799999999998363,1,0.05,637.578,CHECK-PASS-M3,1,0.3,0.7,0.6919628,-0.24319145
1,7,5,636.955,1.0,post-correct,0.48299999999994725,congruent,valid,CIRCLE,LEFT,1,0.07799999999997453,1,0.05,638.852,CHECK-PASS-M3,1,0.32,0.6799999999999999,0.68717766,-0.24319145
1,7,6,638.208,1.0,post-correct,0.5040000000000191,incongruent,valid,SQUARE,LEFT,1,0.07899999999995089,1,0.05,640.111,CHECK-PASS-M3,1,0.32,0.6799999999999999,0.6843066,-0.24319145
1,7,7,639.482,1.0,post-correct,0.48900000000003274,incongruent,valid,CIRCLE,RIGHT,1,0.06399999999996453,1,0.05,641.348,CHECK-PASS-M3,1,0.3,0.7,0.69058394,-0.24319145
1,7,8,640.741,1.0,post-correct,0.46699999999998454,congruent,valid,CIRCLE,LEFT,1,0.06200000000001182,1,0.05,642.582,CHECK-PASS-M3,1,0.3,0.7,0.69435036,-0.24319145
1,7,9,641.978,1.0,post-correct,0.4640000000000555,congruent,valid,CIRCLE,LEFT,1,0.05899999999996908,1,0.05,644.226,DONT-CHECK,0,0.483,-0.483,0.69435036,-0.24346891
1,7,10,643.212,1.0,post-correct,0.7110000000000127,incongruent,invalid,SQUARE,LEFT,1,0.21700000000009823,1,0.05,645.465,CHECK-PASS-M3,1,0.3,0.7,0.6966102,-0.24346891
1,7,11,644.856,1.0,post-correct,0.46900000000005093,incongruent,valid,SQUARE,LEFT,1,0.06400000000007822,1,0.05,646.743,CHECK-PASS-M3,1,0.32,0.6799999999999999,0.68996614,-0.24346891
1,7,12,646.095,1.0,post-correct,0.5079999999999245,incongruent,valid,CIRCLE,RIGHT,1,0.08299999999996999,1,0.05,647.98,CHECK-PASS-M3,1,0.3,0.7,0.6939797,-0.24346891
1,7,13,647.373,1.0,post-correct,0.46699999999998454,congruent,valid,CIRCLE,LEFT,1,0.06200000000001182,1,0.05,649.22,CHECK-PASS-M3,1,0.3,0.7,0.6963878,-0.24346891
1,7,14,648.61,1.0,post-correct,0.4700000000000273,congruent,invalid,CIRCLE,LEFT,1,0.06500000000005457,1,0.05,650.462,CHECK-PASS-M3,1,0.3,0.7,0.6978327,-0.24346891
1,7,15,649.85,1.0,post-correct,0.47199999999998,congruent,valid,CIRCLE,LEFT,1,0.06700000000000728,1,0.05,651.694,CHECK-PASS-M3,1,0.3,0.7,0.6986996,-0.24346891
1,7,16,651.092,1.0,post-correct,0.4619999999999891,incongruent,valid,CIRCLE,RIGHT,1,0.05700000000001637,1,0.05,653.341,DONT-CHECK,0,0.489,-0.489,0.6986996,-0.24500881
1,7,17,652.324,1.0,post-correct,0.7080000000000837,incongruent,valid,SQUARE,LEFT,1,0.2139999999999418,1,0.05,654.619,CHECK-PASS-M3,1,0.32,0.6799999999999999,0.69121975,-0.24500881
1,7,18,653.971,1.0,post-correct,0.5080000000000382,congruent,valid,CIRCLE,LEFT,1,0.08300000000008367,1,0.05,655.884,CHECK-PASS-M3,1,0.32,0.6799999999999999,0.6867319,-0.24500881
1,7,19,655.249,1.0,post-correct,0.49500000000000455,incongruent,valid,SQUARE,LEFT,1,0.07000000000005002,1,0.05,657.53,DONT-CHECK,0,0.478,-0.478,0.6867319,-0.24292317
1,7,20,656.514,1.0,post-correct,0.6979999999999791,congruent,valid,SQUARE,RIGHT,1,0.22100000000000364,1,0.05,658.792,CHECK-PASS-M3,1,0.32,0.6799999999999999,0.6840391,-0.24292317
1,7,21,658.16,1.0,post-correct,0.4920000000000755,incongruent,valid,CIRCLE,RIGHT,1,0.06700000000000728,1,0.05,660.052,CHECK-PASS-M3,1,0.32,0.6799999999999999,0.6824235,-0.24292317
1,7,22,659.422,1.0,post-correct,0.4900000000000091,congruent,invalid,SQUARE,RIGHT,1,0.06500000000005457,1,0.05,661.322,CHECK-PASS-M3,1,0.32,0.6799999999999999,0.68145406,-0.24292317
1,7,23,660.682,1.0,post-correct,0.5,congruent,valid,CIRCLE,LEFT,1,0.07500000000004547,1,0.05,662.981,DONT-CHECK,0,0.496,-0.496,0.68145406,-0.24649234
1,7,24,661.952,1.0,post-correct,0.7129999999999654,congruent,valid,SQUARE,RIGHT,1,0.2259999999999991,1,0.05,664.245,CHECK-PASS-M3,1,0.32,0.6799999999999999,0.68087244,-0.24649234
1,7,25,663.611,1.0,post-correct,0.4940000000000282,congruent,valid,CIRCLE,LEFT,1,0.06900000000007367,1,0.05,665.865,DONT-CHECK,0,0.464,-0.464,0.68087244,-0.24009724
1,7,26,664.875,1.0,post-correct,0.6860000000000355,incongruent,valid,CIRCLE,RIGHT,1,0.22200000000009368,1,0.05,667.14,CHECK-PASS-M3,1,0.32,0.6799999999999999,0.68052346,-0.24009724
1,7,27,666.495,1.0,post-correct,0.5049999999999955,incongruent,valid,SQUARE,LEFT,1,0.08000000000004093,1,0.05,668.385,CHECK-PASS-M3,1,0.3,0.7,0.6883141,-0.24009724
1,7,28,667.77,1.0,post-correct,0.47500000000002274,incongruent,valid,SQUARE,LEFT,1,0.06999999999993634,1,0.05,669.643,CHECK-PASS-M3,1,0.32,0.6799999999999999,0.68498844,-0.24009724
1,7,29,669.015,1.0,post-correct,0.4880000000000564,incongruent,valid,CIRCLE,RIGHT,1,0.06300000000010186,1,0.05,670.922,CHECK-PASS-M3,1,0.32,0.6799999999999999,0.68299305,-0.24009724
1,7,30,670.273,1.0,post-correct,0.5090000000000146,incongruent,valid,SQUARE,LEFT,1,0.08400000000006003,1,0.05,672.174,CHECK-PASS-M3,1,0.3,0.7,0.68979585,-0.24009724
1,7,31,671.552,1.0,post-correct,0.4819999999999709,congruent,valid,SQUARE,RIGHT,1,0.07699999999999818,1,0.05,673.785,DONT-CHECK,0,0.459,-0.459,0.68979585,-0.236595
1,7,32,672.804,0.0,post-correct,0.6820000000000164,incongruent,valid,CIRCLE,RIGHT,1,0.21499999999991815,1,0.05,675.043,CHECK-PASS-M3,1,0.32,0.6799999999999999,0.6858775,-0.236595
1,7,33,674.415,1.0,post-error,0.4880000000000564,incongruent,valid,CIRCLE,RIGHT,1,0.06299999999998818,1,0.05,676.31,CHECK-PASS-M3,1,0.32,0.6799999999999999,0.6835265,-0.236595
1,7,34,675.673,1.0,post-correct,0.49699999999995725,incongruent,invalid,SQUARE,LEFT,1,0.07200000000000273,1,0.05,677.939,DONT-CHECK,0,0.467,-0.467,0.6835265,-0.2372542
1,7,35,676.94,1.0,post-correct,0.6919999999998936,incongruent,valid,SQUARE,LEFT,1,0.2179999999999609,1,0.05,679.199,CHECK-PASS-M3,1,0.32,0.6799999999999999,0.6821159,-0.2372542
1,7,36,678.569,1.0,post-correct,0.4900000000000091,congruent,valid,CIRCLE,LEFT,1,0.06499999999994088,1,0.05,680.459,CHECK-PASS-M3,1,0.32,0.6799999999999999,0.6812695,-0.2372542
1,7,37,679.829,1.0,post-correct,0.4900000000000091,incongruent,valid,SQUARE,LEFT,1,0.06499999999994088,1,0.05,681.709,CHECK-PASS-M3,1,0.3,0.7,0.6887617,-0.2372542
1,7,38,681.089,1.0,post-correct,0.4799999999999045,congruent,valid,SQUARE,RIGHT,1,0.07499999999993179,1,0.05,683.373,DONT-CHECK,0,0.473,-0.473,0.6887617,-0.2389315
1,7,39,682.339,1.0,post-correct,0.72099999999989,congruent,invalid,SQUARE,RIGHT,1,0.23599999999999,1,0.05,685.02,DONT-CHECK,0,0.473,-0.473,0.6887617,-0.23953533
1,7,40,684.003,1.0,post-correct,0.7239999999999327,congruent,valid,CIRCLE,LEFT,1,0.22199999999998,1,0.05,686.286,CHECK-PASS-M3,1,0.32,0.6799999999999999,0.685257,-0.23953533
1,7,41,685.65,1.0,post-correct,0.4959999999999809,congruent,valid,SQUARE,RIGHT,1,0.07099999999991269,1,0.05,687.924,DONT-CHECK,0,0.469,-0.469,0.685257,-0.23879272
1,7,42,686.916,1.0,post-correct,0.6989999999999554,incongruent,valid,SQUARE,LEFT,1,0.2319999999999709,1,0.05,689.169,CHECK-PASS-M3,1,0.3,0.7,0.6911542,-0.23879272
1,7,43,688.554,1.0,post-correct,0.47500000000002274,congruent,valid,SQUARE,RIGHT,1,0.06999999999993634,1,0.05,690.828,DONT-CHECK,0,0.466,-0.466,0.6911542,-0.23780537
1,7,44,689.799,1.0,post-correct,0.72300000000007,congruent,valid,SQUARE,RIGHT,1,0.2399999999998954,1,0.05,692.092,CHECK-PASS-M3,1,0.32,0.6799999999999999,0.68669254,-0.23780537
1,7,45,691.458,1.0,post-correct,0.4940000000000282,incongruent,valid,CIRCLE,RIGHT,1,0.06899999999995998,1,0.05,693.772,DONT-CHECK,0,0.5,-0.5,0.68669254,-0.24560994
1,7,46,692.722,0.0,post-correct,0.7300000000000182,congruent,valid,CIRCLE,LEFT,1,0.2159999999998945,1,0.05,695.427,DONT-CHECK,0,0.487,-0.487,0.68669254,-0.24529956
1,7,47,694.402,1.0,post-error,0.7179999999999609,incongruent,valid,CIRCLE,RIGHT,1,0.22000000000002728,1,0.05,696.701,CHECK-PASS-M3,1,0.32,0.6799999999999999,0.6840155,-0.24529956
1,7,48,696.057,1.0,post-correct,0.5040000000000191,congruent,valid,SQUARE,RIGHT,1,0.07900000000006457,1,0.05,698.37,DONT-CHECK,0,0.492,-0.492,0.6840155,-0.24638784
1,7,49,697.331,1.0,post-correct,0.7269999999999754,incongruent,invalid,CIRCLE,RIGHT,1,0.23500000000001364,1,0.05,699.613,CHECK-PASS-M3,1,0.3,0.7,0.6904093,-0.24638784
1,7,50,699.0,1.0,post-correct,0.47299999999995634,congruent,valid,CIRCLE,LEFT,1,0.06800000000009732,1,0.05,700.883,CHECK-PASS-M3,1,0.32,0.6799999999999999,0.68624556,-0.24638784
1,7,51,700.243,1.0,post-correct,0.5,congruent,valid,SQUARE,RIGHT,1,0.07500000000004547,1,0.05,702.585,DONT-CHECK,0,0.476,-0.476,0.68624556,-0.24293962
1,7,52,701.513,1.0,post-correct,0.7559999999999718,congruent,valid,SQUARE,RIGHT,1,0.25300000000004275,1,0.05,704.282,DONT-CHECK,0,0.49,-0.49,0.68624556,-0.24505827
1,7,53,703.215,1.0,post-correct,0.7569999999999482,congruent,invalid,CIRCLE,LEFT,1,0.2300000000000182,1,0.05,705.54,CHECK-PASS-M3,1,0.32,0.6799999999999999,0.68374735,-0.24505827
1,7,54,704.912,1.0,post-correct,0.4879999999999427,incongruent,valid,SQUARE,LEFT,1,0.06299999999998818,1,0.05,707.171,DONT-CHECK,0,0.465,-0.465,0.68374735,-0.23982097
1,7,55,706.17,1.0,post-correct,0.6960000000000264,incongruent,valid,SQUARE,LEFT,1,0.22199999999998,1,0.05,708.417,CHECK-PASS-M3,1,0.3,0.7,0.6902484,-0.23982097
1,7,56,707.801,1.0,post-correct,0.4759999999999991,congruent,valid,SQUARE,RIGHT,1,0.07100000000002638,1,0.05,709.653,CHECK-PASS-M3,1,0.3,0.7,0.6941491,-0.23982097
1,7,57,709.047,1.0,post-correct,0.4660000000000082,congruent,invalid,SQUARE,RIGHT,1,0.06100000000003547,1,0.05,710.905,CHECK-PASS-M3,1,0.3,0.7,0.69648945,-0.23982097
1,7,58,710.283,1.0,post-correct,0.4819999999999709,congruent,valid,SQUARE,RIGHT,1,0.07699999999999818,1,0.05,712.565,DONT-CHECK,0,0.484,-0.484,0.69648945,-0.24249554
1,7,59,711.535,0.0,post-correct,0.7259999999999991,congruent,valid,SQUARE,RIGHT,1,0.2279999999999518,1,0.05,713.83,CHECK-PASS-M3,1,0.32,0.6799999999999999,0.68989366,-0.24249554
1,7,60,713.195,1.0,post-error,0.49500000000000455,incongruent,valid,SQUARE,LEFT,1,0.06999999999993634,1,0.05,715.07,CHECK-PASS-M3,1,0.3,0.7,0.69393617,-0.24249554
1,7,61,714.46,1.0,post-correct,0.4699999999999136,incongruent,valid,SQUARE,LEFT,1,0.06500000000005457,1,0.05,716.33,CHECK-PASS-M3,1,0.32,0.6799999999999999,0.6883617,-0.24249554
1,7,62,715.7,1.0,post-correct,0.4900000000000091,incongruent,valid,CIRCLE,RIGHT,1,0.06499999999994088,1,0.05,717.953,DONT-CHECK,0,0.468,-0.468,0.6883617,-0.23961839
1,7,63,716.96,0.0,post-correct,0.6849999999999454,congruent,valid,SQUARE,RIGHT,1,0.21400000000005548,1,0.05,719.21,CHECK-PASS-M3,1,0.32,0.6799999999999999,0.68501705,-0.23961839
1,7,64,718.583,1.0,post-error,0.48700000000008004,incongruent,valid,SQUARE,LEFT,1,0.06200000000001182,1,0.05,720.446,CHECK-PASS-M3,1,0.3,0.7,0.69101024,-0.23961839
1,7,65,719.84,1.0,post-correct,0.4660000000000082,incongruent,invalid,SQUARE,LEFT,1,0.06100000000003547,1,0.05,721.701,CHECK-PASS-M3,1,0.32,0.6799999999999999,0.68660617,-0.23961839
1,7,66,721.076,1.0,post-correct,0.48500000000001364,congruent,valid,CIRCLE,LEFT,1,0.06000000000005912,1,0.05,722.98,CHECK-PASS-M3,1,0.32,0.6799999999999999,0.6839637,-0.23961839
1,7,67,722.331,1.0,post-correct,0.5090000000000146,congruent,valid,SQUARE,RIGHT,1,0.08400000000006003,1,0.05,724.239,CHECK-PASS-M3,1,0.32,0.6799999999999999,0.68237823,-0.23961839
1,7,68,723.61,1.0,post-correct,0.48900000000003274,congruent,valid,CIRCLE,LEFT,1,0.06400000000007822,1,0.05,725.486,CHECK-PASS-M3,1,0.3,0.7,0.68942696,-0.23961839
1,7,69,724.869,1.0,post-correct,0.47699999999997544,congruent,invalid,CIRCLE,LEFT,1,0.07200000000000273,1,0.05,727.175,DONT-CHECK,0,0.49,-0.49,0.68942696,-0.24386261
1,7,70,726.116,1.0,post-correct,0.7490000000000236,incongruent,valid,SQUARE,LEFT,1,0.2540000000000191,1,0.05,728.438,CHECK-PASS-M3,1,0.32,0.6799999999999999,0.6856562,-0.24386261
1,7,71,727.805,1.0,post-correct,0.49300000000005184,incongruent,valid,CIRCLE,RIGHT,1,0.06799999999998363,1,0.05,729.678,CHECK-PASS-M3,1,0.3,0.7,0.69139373,-0.24386261
1,7,72,729.068,1.0,post-correct,0.4700000000000273,incongruent,valid,CIRCLE,RIGHT,1,0.06499999999994088,1,0.05,730.922,CHECK-PASS-M3,1,0.3,0.7,0.69483626,-0.24386261
1,7,73,730.308,1.0,post-correct,0.4740000000000464,congruent,valid,CIRCLE,LEFT,1,0.06900000000007367,1,0.05,732.592,DONT-CHECK,0,0.481,-0.481,0.69483626,-0.24323055
1,7,74,731.552,1.0,post-correct,0.7189999999999372,incongruent,invalid,CIRCLE,RIGHT,1,0.2340000000000373,1,0.05,734.223,DONT-CHECK,0,0.471,-0.471,0.69483626,-0.240603
1,7,75,733.222,1.0,post-correct,0.6900000000000546,incongruent,valid,CIRCLE,RIGHT,1,0.22299999999995634,1,0.05,735.46,CHECK-PASS-M3,1,0.3,0.7,0.69690174,-0.240603
